Date,SPY,TLT,VXX
1993-01-29,24.313044,,
1993-02-01,24.485968,,
1993-02-02,24.537828,,
1993-02-03,24.797222,,
1993-02-04,24.900972,,
1993-02-05,24.883686,,
1993-02-08,24.883686,,
1993-02-09,24.710762,,
1993-02-10,24.74535,,
1993-02-11,24.866394,,
1993-02-12,24.676178,,
1993-02-16,24.053644,,
1993-02-17,24.036364,,
1993-02-18,24.019066,,
1993-02-19,24.105526,,
1993-02-22,24.191975,,
1993-02-23,24.174679,,
1993-02-24,24.485968,,
1993-02-25,24.537828,,
1993-02-26,24.572416,,
1993-03-01,24.50326,,
1993-03-02,24.866394,,
1993-03-03,24.970156,,
1993-03-04,24.831808,,
1993-03-05,24.76263,,
1993-03-08,25.316013,,
1993-03-09,25.229536,,
1993-03-10,25.281401,,
1993-03-11,25.212233,,
1993-03-12,24.952852,,
1993-03-15,25.073904,,
1993-03-16,25.073904,,
1993-03-17,24.918274,,
1993-03-18,25.073904,,
1993-03-19,25.035973,,
1993-03-22,24.896952,,
1993-03-23,24.949091,,
1993-03-24,24.949091,,
1993-03-25,25.10545,,
1993-03-26,24.966457,,
1993-03-29,25.070704,,
1993-03-30,25.140198,,
1993-03-31,25.122835,,
1993-04-01,25.035973,,
1993-04-02,24.51473,,
1993-04-05,24.636343,,
1993-04-06,24.566868,,
1993-04-07,24.653728,,
1993-04-08,24.61899,,
1993-04-12,24.966457,,
1993-04-13,25.018576,,
1993-04-14,24.983849,,
1993-04-15,24.983849,,
1993-04-16,24.983849,,
1993-04-19,24.879581,,
1993-04-20,24.757963,,
1993-04-21,24.740602,,
1993-04-22,24.427866,,
1993-04-23,24.323618,,
1993-04-26,24.132505,,
1993-04-27,24.393108,,
1993-04-28,24.340982,,
1993-04-29,24.445244,,
1993-04-30,24.480001,,
1993-05-03,24.636343,,
1993-05-04,24.72323,,
1993-05-05,24.792719,,
1993-05-06,24.705851,,
1993-05-07,24.653728,,
1993-05-10,24.705851,,
1993-05-11,24.810083,,
1993-05-12,24.775331,,
1993-05-13,24.480001,,
1993-05-14,24.462597,,
1993-05-17,24.549484,,
1993-05-18,24.532114,,
1993-05-19,25.035973,,
1993-05-20,25.10545,,
1993-05-21,24.879581,,
1993-05-24,24.983849,,
1993-05-25,25.035973,,
1993-05-26,25.348679,,
1993-05-27,25.261816,,
1993-05-28,25.140198,,
1993-06-01,25.383444,,
1993-06-02,25.348679,,
1993-06-03,25.261816,,
1993-06-04,25.174936,,
1993-06-07,25.088079,,
1993-06-08,24.862223,,
1993-06-09,24.949091,,
1993-06-10,24.966457,,
1993-06-11,25.070704,,
1993-06-14,25.035973,,
1993-06-15,24.983849,,
1993-06-16,25.035973,,
1993-06-17,25.122835,,
1993-06-18,24.915934,,
1993-06-21,24.968433,,
1993-06-22,24.98592,,
1993-06-23,24.758459,,
1993-06-24,25.090899,,
1993-06-25,25.073406,,
1993-06-28,25.353361,,
1993-06-29,25.230892,,
1993-06-30,25.230892,,
1993-07-01,25.160902,,
1993-07-02,25.020933,,
1993-07-06,24.758459,,
1993-07-07,24.828463,,
1993-07-08,25.1084,,
1993-07-09,25.178396,,
1993-07-12,25.160902,,
1993-07-13,25.143406,,
1993-07-14,25.230892,,
1993-07-15,25.12591,,
1993-07-16,25.055914,,
1993-07-19,25.038418,,
1993-07-20,25.1084,,
1993-07-21,25.090899,,
1993-07-22,24.915934,,
1993-07-23,25.038418,,
1993-07-26,25.178396,,
1993-07-27,25.160902,,
1993-07-28,25.1084,,
1993-07-29,25.248373,,
1993-07-30,25.1084,,
1993-08-02,25.178396,,
1993-08-03,25.195887,,
1993-08-04,25.195887,,
1993-08-05,25.143406,,
1993-08-06,25.178396,,
1993-08-09,25.318365,,
1993-08-10,25.300879,,
1993-08-11,25.300879,,
1993-08-12,25.230892,,
1993-08-13,25.265881,,
1993-08-16,25.405855,,
1993-08-17,25.493345,,
1993-08-18,25.633322,,
1993-08-19,25.633322,,
1993-08-20,25.65082,,
1993-08-23,25.598328,,
1993-08-24,25.878275,,
1993-08-25,25.89579,,
1993-08-26,25.913277,,
1993-08-27,25.89579,,
1993-08-30,26.000767,,
1993-08-31,26.070753,,
1993-09-01,26.035759,,
1993-09-02,25.948286,,
1993-09-03,25.965776,,
1993-09-07,25.790792,,
1993-09-08,25.703316,,
1993-09-09,25.755812,,
1993-09-10,25.983274,,
1993-09-13,26.000767,,
1993-09-14,25.89579,,
1993-09-15,25.965776,,
1993-09-16,25.860769,,
1993-09-17,25.81065,,
1993-09-20,25.599358,,
1993-09-21,25.511332,,
1993-09-22,25.72262,,
1993-09-23,25.86347,,
1993-09-24,25.793039,,
1993-09-27,26.074738,,
1993-09-28,26.021904,,
1993-09-29,25.933882,,
1993-09-30,25.881062,,
1993-10-01,26.004314,,
1993-10-04,26.039515,,
1993-10-05,26.004314,,
1993-10-06,25.986702,,
1993-10-07,25.91629,,
1993-10-08,25.951485,,
1993-10-11,26.004314,,
1993-10-12,26.039515,,
1993-10-13,26.039515,,
1993-10-14,26.374043,,
1993-10-15,26.51491,,
1993-10-18,26.444468,,
1993-10-19,26.250795,,
1993-10-20,26.285995,,
1993-10-21,26.250795,,
1993-10-22,26.127565,,
1993-10-25,26.197979,,
1993-10-26,26.18037,,
1993-10-27,26.197979,,
1993-10-28,26.391645,,
1993-10-29,26.391645,,
1993-11-01,26.462057,,
1993-11-02,26.444468,,
1993-11-03,26.109957,,
1993-11-04,25.828247,,
1993-11-05,25.951485,,
1993-11-08,25.986702,,
1993-11-09,26.004314,,
1993-11-10,26.197979,,
1993-11-11,26.127565,,
1993-11-12,26.250795,,
1993-11-15,26.233192,,
1993-11-16,26.356451,,
1993-11-17,26.215578,,
1993-11-18,26.145163,,
1993-11-19,26.09234,,
1993-11-22,25.933882,,
1993-11-23,26.074738,,
1993-11-24,26.18037,,
1993-11-26,26.197979,,
1993-11-29,26.09234,,
1993-11-30,26.109957,,
1993-12-01,26.145163,,
1993-12-02,26.215578,,
1993-12-03,26.32123,,
1993-12-06,26.409237,,
1993-12-07,26.391645,,
1993-12-08,26.391645,,
1993-12-09,26.303619,,
1993-12-10,26.250795,,
1993-12-13,26.409237,,
1993-12-14,26.215578,,
1993-12-15,26.18037,,
1993-12-16,26.268406,,
1993-12-17,26.412779,,
1993-12-20,26.448221,,
1993-12-21,26.359594,,
1993-12-22,26.536858,,
1993-12-23,26.519127,,
1993-12-27,26.660938,,
1993-12-28,26.714119,,
1993-12-29,26.678682,,
1993-12-30,26.572298,,
1993-12-31,26.430496,,
1994-01-03,26.359594,,
1994-01-04,26.465942,,
1994-01-05,26.519127,,
1994-01-06,26.519127,,
1994-01-07,26.678682,,
1994-01-10,26.997747,,
1994-01-11,26.944569,,
1994-01-12,26.85594,,
1994-01-13,26.78504,,
1994-01-14,26.891396,,
1994-01-17,26.891396,,
1994-01-18,26.926821,,
1994-01-19,26.85594,,
1994-01-20,26.926821,,
1994-01-21,26.873671,,
1994-01-24,26.7673,,
1994-01-25,26.7673,,
1994-01-26,26.838205,,
1994-01-27,27.08639,,
1994-01-28,27.157293,,
1994-01-31,27.352266,,
1994-02-01,27.21047,,
1994-02-02,27.387741,,
1994-02-03,27.263638,,
1994-02-04,26.643206,,
1994-02-07,26.7673,,
1994-02-08,26.78504,,
1994-02-09,26.891396,,
1994-02-10,26.660938,,
1994-02-11,26.749582,,
1994-02-14,26.78504,,
1994-02-15,26.926821,,
1994-02-16,26.909109,,
1994-02-17,26.749582,,
1994-02-18,26.590023,,
1994-02-22,26.85594,,
1994-02-23,26.78504,,
1994-02-24,26.430496,,
1994-02-25,26.554583,,
1994-02-28,26.554583,,
1994-03-01,26.448221,,
1994-03-02,26.483681,,
1994-03-03,26.412779,,
1994-03-04,26.483681,,
1994-03-07,26.625492,,
1994-03-08,26.519127,,
1994-03-09,26.643206,,
1994-03-10,26.430496,,
1994-03-11,26.572298,,
1994-03-14,26.607748,,
1994-03-15,26.590023,,
1994-03-16,26.802763,,
1994-03-17,26.802763,,
1994-03-18,26.796894,,
1994-03-21,26.72559,,
1994-03-22,26.796894,,
1994-03-23,26.779091,,
1994-03-24,26.458164,,
1994-03-25,26.208548,,
1994-03-28,26.244202,,
1994-03-29,25.727167,,
1994-03-30,25.370604,,
1994-03-31,25.441912,,
1994-04-04,25.049673,,
1994-04-05,25.56671,,
1994-04-06,25.56671,,
1994-04-07,25.691515,,
1994-04-08,25.495403,,
1994-04-11,25.602373,,
1994-04-12,25.56671,,
1994-04-13,25.433001,,
1994-04-14,25.441912,,
1994-04-15,25.441912,,
1994-04-18,25.272547,,
1994-04-19,25.308184,,
1994-04-20,25.281435,,
1994-04-21,25.620195,,
1994-04-22,25.593458,,
1994-04-25,25.860897,,
1994-04-26,25.83415,,
1994-04-28,25.646944,,
1994-04-29,25.727167,,
1994-05-02,25.887615,,
1994-05-03,25.860897,,
1994-05-04,25.816311,,
1994-05-05,25.780664,,
1994-05-06,25.531038,,
1994-05-09,25.308184,,
1994-05-10,25.504326,,
1994-05-11,25.272547,,
1994-05-12,25.397324,,
1994-05-13,25.397324,,
1994-05-16,25.406256,,
1994-05-17,25.780664,,
1994-05-18,25.967859,,
1994-05-19,26.092665,,
1994-05-20,25.994591,,
1994-05-23,25.950045,,
1994-05-24,26.057003,,
1994-05-25,26.128317,,
1994-05-26,26.146147,,
1994-05-27,26.172892,,
1994-05-31,26.137226,,
1994-06-01,26.253124,,
1994-06-02,26.226381,,
1994-06-03,26.377922,,
1994-06-06,26.369011,,
1994-06-07,26.333361,,
1994-06-08,26.11941,,
1994-06-09,26.26203,,
1994-06-10,26.306601,,
1994-06-13,26.342274,,
1994-06-14,26.54731,,
1994-06-15,26.440336,,
1994-06-16,26.493813,,
1994-06-17,26.345932,,
1994-06-20,26.121611,,
1994-06-21,25.897249,,
1994-06-22,25.995966,,
1994-06-23,25.843418,,
1994-06-24,25.305016,,
1994-06-27,25.744703,,
1994-06-28,25.619081,,
1994-06-29,25.699835,,
1994-06-30,25.53833,,
1994-07-01,25.592154,,
1994-07-05,25.726763,,
1994-07-06,25.690878,,
1994-07-07,25.798538,,
1994-07-08,25.789583,,
1994-07-11,25.699835,,
1994-07-12,25.735735,,
1994-07-13,25.780605,,
1994-07-14,26.058775,,
1994-07-15,26.067762,,
1994-07-18,26.112627,,
1994-07-19,26.058775,,
1994-07-20,25.942118,,
1994-07-21,25.995966,,
1994-07-22,26.040836,,
1994-07-25,26.076746,,
1994-07-26,26.049805,,
1994-07-27,26.049805,,
1994-07-28,26.103651,,
1994-07-29,26.363876,,
1994-08-01,26.489525,,
1994-08-02,26.525396,,
1994-08-03,26.534376,,
1994-08-04,26.38183,,
1994-08-05,26.292093,,
1994-08-08,26.354914,,
1994-08-09,26.399773,,
1994-08-10,26.498482,,
1994-08-11,26.399773,,
1994-08-12,26.606171,,
1994-08-15,26.597185,,
1994-08-16,26.785635,,
1994-08-17,26.767683,,
1994-08-18,26.677956,,
1994-08-19,26.660006,,
1994-08-22,26.633091,,
1994-08-23,26.785635,,
1994-08-24,27.072781,,
1994-08-25,27.00099,,
1994-08-26,27.386831,,
1994-08-29,27.368912,,
1994-08-30,27.440701,,
1994-08-31,27.368912,,
1994-09-01,27.279169,,
1994-09-02,27.162504,,
1994-09-06,27.171474,,
1994-09-07,27.144569,,
1994-09-08,27.279169,,
1994-09-09,26.992025,,
1994-09-12,26.911268,,
1994-09-13,26.992025,,
1994-09-14,27.018934,,
1994-09-15,27.35993,,
1994-09-16,27.165201,,
1994-09-19,27.192314,,
1994-09-20,26.677691,,
1994-09-21,26.677691,,
1994-09-22,26.614496,,
1994-09-23,26.524223,,
1994-09-26,26.659651,,
1994-09-27,26.641592,,
1994-09-28,26.849237,,
1994-09-29,26.713812,,
1994-09-30,26.677691,,
1994-10-03,26.614496,,
1994-10-04,26.217266,,
1994-10-05,26.226295,,
1994-10-06,26.145056,,
1994-10-07,26.262411,,
1994-10-10,26.542284,,
1994-10-11,26.939505,,
1994-10-12,26.975632,,
1994-10-13,27.065899,,
1994-10-14,27.183262,,
1994-10-17,27.129107,,
1994-10-18,27.065899,,
1994-10-19,27.192314,,
1994-10-20,27.011738,,
1994-10-21,26.903414,,
1994-10-24,26.677691,,
1994-10-25,26.704779,,
1994-10-26,26.804106,,
1994-10-27,26.966599,,
1994-10-28,27.535362,,
1994-10-31,27.43606,,
1994-11-01,27.129107,,
1994-11-02,26.975632,,
1994-11-03,27.12007,,
1994-11-04,26.767992,,
1994-11-07,26.849237,,
1994-11-08,27.056881,,
1994-11-09,27.102011,,
1994-11-10,26.912436,,
1994-11-11,26.813122,,
1994-11-14,27.065899,,
1994-11-15,26.975632,,
1994-11-16,27.065899,,
1994-11-17,26.885353,,
1994-11-18,26.849237,,
1994-11-21,26.578388,,
1994-11-22,26.000593,,
1994-11-23,26.145056,,
1994-11-25,26.271444,,
1994-11-28,26.388805,,
1994-11-29,26.379784,,
1994-11-30,26.343666,,
1994-12-01,26.081844,,
1994-12-02,26.325605,,
1994-12-05,26.352699,,
1994-12-06,26.37075,,
1994-12-07,26.181171,,
1994-12-08,25.928377,,
1994-12-09,26.027676,,
1994-12-12,26.199223,,
1994-12-13,26.298523,,
1994-12-14,26.433939,,
1994-12-15,26.515213,,
1994-12-16,26.644716,,
1994-12-19,26.681091,,
1994-12-20,26.599195,,
1994-12-21,26.881308,,
1994-12-22,26.7994,,
1994-12-23,26.826706,,
1994-12-27,26.9723,,
1994-12-28,26.83581,,
1994-12-29,26.854015,,
1994-12-30,26.535513,,
1995-01-03,26.662912,,
1995-01-04,26.7903,,
1995-01-05,26.7903,,
1995-01-06,26.81761,,
1995-01-09,26.844902,,
1995-01-10,26.87221,,
1995-01-11,26.890409,,
1995-01-12,26.899513,,
1995-01-13,27.218029,,
1995-01-16,27.381794,,
1995-01-17,27.390919,,
1995-01-18,27.363611,,
1995-01-19,27.208908,,
1995-01-20,27.10881,,
1995-01-23,27.190729,,
1995-01-24,27.2271,,
1995-01-25,27.299906,,
1995-01-26,27.327208,,
1995-01-27,27.436407,,
1995-01-30,27.318111,,
1995-01-31,27.427307,,
1995-02-01,27.418209,,
1995-02-02,27.58201,,
1995-02-03,27.973305,,
1995-02-06,28.091614,,
1995-02-07,28.127983,,
1995-02-08,28.127983,,
1995-02-09,28.127983,,
1995-02-10,28.164415,,
1995-02-13,28.173494,,
1995-02-14,28.209908,,
1995-02-15,28.364605,,
1995-02-16,28.328199,,
1995-02-17,28.219011,,
1995-02-21,28.209908,,
1995-02-22,28.419203,,
1995-02-23,28.464708,,
1995-02-24,28.537504,,
1995-02-27,28.31002,,
1995-02-28,28.546597,,
1995-03-01,28.364605,,
1995-03-02,28.400999,,
1995-03-03,28.410101,,
1995-03-06,28.428301,,
1995-03-07,28.209908,,
1995-03-08,28.282703,,
1995-03-09,28.273603,,
1995-03-10,28.692205,,
1995-03-13,28.664907,,
1995-03-14,28.874201,,
1995-03-15,28.819603,,
1995-03-16,28.992514,,
1995-03-17,29.021334,,
1995-03-20,29.021334,,
1995-03-21,28.948147,,
1995-03-22,28.975594,,
1995-03-23,28.993885,,
1995-03-24,29.405621,,
1995-03-27,29.524544,,
1995-03-28,29.524544,,
1995-03-29,29.515404,,
1995-03-30,29.460497,,
1995-03-31,29.341564,,
1995-04-03,29.414761,,
1995-04-04,29.606897,,
1995-04-05,29.606897,,
1995-04-06,29.716684,,
1995-04-07,29.689251,,
1995-04-10,29.744131,,
1995-04-11,29.643475,,
1995-04-12,29.744131,,
1995-04-13,29.908808,,
1995-04-17,29.734968,,
1995-04-18,29.634329,,
1995-04-19,29.606897,,
1995-04-20,29.652641,,
1995-04-21,29.799017,,
1995-04-24,30.146692,,
1995-04-25,30.06435,,
1995-04-26,30.091793,,
1995-04-27,30.164991,,
1995-04-28,30.210749,,
1995-05-01,30.128389,,
1995-05-02,30.19245,,
1995-05-03,30.61331,,
1995-05-04,30.594995,,
1995-05-05,30.558403,,
1995-05-08,30.777992,,
1995-05-09,30.750544,,
1995-05-10,30.787144,,
1995-05-11,30.869467,,
1995-05-12,30.887785,,
1995-05-15,31.03418,,
1995-05-16,31.052479,,
1995-05-17,30.933521,,
1995-05-18,30.48521,,
1995-05-19,30.503527,,
1995-05-22,30.842018,,
1995-05-23,31.125658,,
1995-05-24,31.107365,,
1995-05-25,31.134809,,
1995-05-26,30.777992,,
1995-05-30,30.76885,,
1995-05-31,31.409271,,
1995-06-01,31.326944,,
1995-06-02,31.354387,,
1995-06-05,31.546528,,
1995-06-06,31.491634,,
1995-06-07,31.326944,,
1995-06-08,31.253754,,
1995-06-09,31.070766,,
1995-06-12,31.244598,,
1995-06-13,31.583126,,
1995-06-14,31.555695,,
1995-06-15,31.692907,,
1995-06-16,31.787024,,
1995-06-19,32.145924,,
1995-06-20,32.063107,,
1995-06-21,32.044682,,
1995-06-22,32.468033,,
1995-06-23,32.403599,,
1995-06-26,32.017075,,
1995-06-27,31.952667,,
1995-06-28,32.118313,,
1995-06-29,32.063107,,
1995-06-30,32.044682,,
1995-07-03,32.16431,,
1995-07-05,32.283974,,
1995-07-06,32.698105,,
1995-07-07,32.84536,,
1995-07-10,32.863754,,
1995-07-11,32.707306,,
1995-07-12,33.112247,,
1995-07-13,33.038612,,
1995-07-14,33.011005,,
1995-07-17,33.195049,,
1995-07-18,32.909756,,
1995-07-19,32.550858,,
1995-07-20,32.670479,,
1995-07-21,32.633682,,
1995-07-24,32.872944,,
1995-07-25,33.121437,,
1995-07-26,33.093819,,
1995-07-27,33.3699,,
1995-07-28,33.158241,,
1995-07-31,33.075409,,
1995-08-01,33.020195,,
1995-08-02,32.946571,,
1995-08-03,32.937366,,
1995-08-04,32.974178,,
1995-08-07,33.04781,,
1995-08-08,33.04781,,
1995-08-09,33.038612,,
1995-08-10,32.964996,,
1995-08-11,32.780926,,
1995-08-14,33.075409,,
1995-08-15,33.011005,,
1995-08-16,33.103027,,
1995-08-17,33.04781,,
1995-08-18,33.084621,,
1995-08-21,32.992592,,
1995-08-22,33.056999,,
1995-08-23,32.937366,,
1995-08-24,32.974178,,
1995-08-25,33.158241,,
1995-08-28,33.038612,,
1995-08-29,33.121437,,
1995-08-30,33.195049,,
1995-08-31,33.222664,,
1995-09-01,33.3699,,
1995-09-05,33.682819,,
1995-09-06,33.747231,,
1995-09-07,33.765621,,
1995-09-08,33.894466,,
1995-09-11,33.986504,,
1995-09-12,34.14296,,
1995-09-13,34.299389,,
1995-09-14,34.612312,,
1995-09-15,34.602772,,
1995-09-18,34.47324,,
1995-09-19,34.639763,,
1995-09-20,34.80632,,
1995-09-21,34.519508,,
1995-09-22,34.528755,,
1995-09-25,34.47324,,
1995-09-26,34.463993,,
1995-09-27,34.436234,,
1995-09-28,34.695282,,
1995-09-29,34.630508,,
1995-10-02,34.454739,,
1995-10-03,34.491753,,
1995-10-04,34.454739,,
1995-10-05,34.556496,,
1995-10-06,34.584267,,
1995-10-09,34.297447,,
1995-10-10,34.278923,,
1995-10-11,34.389984,,
1995-10-12,34.602772,,
1995-10-13,34.713791,,
1995-10-16,34.547253,,
1995-10-17,34.778549,,
1995-10-18,34.880325,,
1995-10-19,35.046852,,
1995-10-20,34.834072,,
1995-10-23,34.760056,,
1995-10-24,34.797058,,
1995-10-25,34.510235,,
1995-10-26,34.195679,,
1995-10-27,34.454739,,
1995-10-30,34.676781,,
1995-10-31,34.528755,,
1995-11-01,34.80632,,
1995-11-02,35.028366,,
1995-11-03,35.074619,,
1995-11-06,34.954338,,
1995-11-07,34.824802,,
1995-11-08,35.139378,,
1995-11-09,35.268913,,
1995-11-10,35.250401,,
1995-11-13,35.213398,,
1995-11-14,34.982094,,
1995-11-15,35.333679,,
1995-11-16,35.527966,,
1995-11-17,35.638996,,
1995-11-20,35.453972,,
1995-11-21,35.740765,,
1995-11-22,35.629742,,
1995-11-24,35.722256,,
1995-11-27,35.731499,,
1995-11-28,36.110847,,
1995-11-29,36.147854,,
1995-11-30,36.06459,,
1995-12-01,36.110847,,
1995-12-04,36.554955,,
1995-12-05,36.795509,,
1995-12-06,36.878788,,
1995-12-07,36.684475,,
1995-12-08,36.80476,,
1995-12-11,36.962032,,
1995-12-12,36.851025,,
1995-12-13,37.082321,,
1995-12-14,36.814003,,
1995-12-15,36.827492,,
1995-12-18,36.119999,,
1995-12-19,36.501663,,
1995-12-20,36.147919,,
1995-12-21,36.334106,,
1995-12-22,36.464436,,
1995-12-26,36.641304,,
1995-12-27,36.622688,,
1995-12-28,36.585449,,
1995-12-29,36.631992,,
1996-01-02,37.023006,,
1996-01-03,37.125389,,
1996-01-04,36.771637,,
1996-01-05,36.697144,,
1996-01-08,36.836792,,
1996-01-09,36.203766,,
1996-01-10,35.729004,,
1996-01-11,35.943115,,
1996-01-12,35.887249,,
1996-01-15,35.812775,,
1996-01-16,36.250324,,
1996-01-17,36.138599,,
1996-01-18,36.259636,,
1996-01-19,36.501663,,
1996-01-22,36.510948,,
1996-01-23,36.594776,,
1996-01-24,36.892635,,
1996-01-25,36.762318,,
1996-01-26,37.078854,,
1996-01-29,37.227791,,
1996-01-30,37.5443,,
1996-01-31,37.935284,,
1996-02-01,38.074932,,
1996-02-02,37.916683,,
1996-02-05,38.223869,,
1996-02-06,38.586937,,
1996-02-07,38.810356,,
1996-02-08,39.229286,,
1996-02-09,39.219986,,
1996-02-12,39.517864,,
1996-02-13,39.434082,,
1996-02-14,39.089645,,
1996-02-15,38.84761,,
1996-02-16,38.689335,,
1996-02-20,38.307686,,
1996-02-21,38.78244,,
1996-02-22,39.396858,,
1996-02-23,39.285126,,
1996-02-26,38.726593,,
1996-02-27,38.605572,,
1996-02-28,38.428677,,
1996-02-29,38.056316,,
1996-03-01,38.661419,,
1996-03-04,38.884857,,
1996-03-05,39.247898,,
1996-03-06,38.903473,,
1996-03-07,39.098949,,
1996-03-08,37.832901,,
1996-03-11,38.270432,,
1996-03-12,37.972527,,
1996-03-13,38.233181,,
1996-03-14,38.400764,,
1996-03-15,38.374947,,
1996-03-18,39.113625,,
1996-03-19,39.02948,,
1996-03-20,38.982735,,
1996-03-21,38.889248,,
1996-03-22,38.992096,,
1996-03-25,38.91729,,
1996-03-26,39.10429,,
1996-03-27,38.748989,,
1996-03-28,38.898586,,
1996-03-29,38.711548,,
1996-04-01,39.160397,,
1996-04-02,39.23521,,
1996-04-03,39.23521,,
1996-04-04,39.207169,,
1996-04-08,38.53392,,
1996-04-09,38.384293,,
1996-04-10,37.70171,,
1996-04-11,37.654934,,
1996-04-12,38.131832,,
1996-04-15,38.44976,,
1996-04-16,38.561966,,
1996-04-17,38.468452,,
1996-04-18,38.524559,,
1996-04-19,38.618057,,
1996-04-22,38.91729,,
1996-04-23,39.038857,,
1996-04-24,38.898586,,
1996-04-25,39.076267,,
1996-04-26,39.160397,,
1996-04-29,39.160397,,
1996-04-30,39.132336,,
1996-05-01,39.216507,,
1996-05-02,38.54327,,
1996-05-03,38.487167,,
1996-05-06,38.44976,,
1996-05-07,38.290779,,
1996-05-08,38.76767,,
1996-05-09,38.73962,,
1996-05-10,39.122986,,
1996-05-13,39.712109,,
1996-05-14,39.955208,,
1996-05-15,39.908455,,
1996-05-16,39.992599,,
1996-05-17,40.207664,,
1996-05-20,40.478848,,
1996-05-21,40.422718,,
1996-05-22,40.806107,,
1996-05-23,40.637794,,
1996-05-24,40.796768,,
1996-05-28,40.385342,,
1996-05-29,40.114178,,
1996-05-30,40.319881,,
1996-05-31,40.02066,,
1996-06-03,40.132851,,
1996-06-04,40.413406,,
1996-06-05,40.768692,,
1996-06-06,40.469486,,
1996-06-07,40.469486,,
1996-06-10,40.33857,,
1996-06-11,40.301174,,
1996-06-12,40.226368,,
1996-06-13,40.226368,,
1996-06-14,40.058083,,
1996-06-17,40.030006,,
1996-06-18,39.702736,,
1996-06-19,39.880386,,
1996-06-20,39.852333,,
1996-06-21,40.195122,,
1996-06-24,40.270321,,
1996-06-25,40.223335,,
1996-06-26,39.950722,,
1996-06-27,40.232731,,
1996-06-28,40.373726,,
1996-07-01,40.721531,,
1996-07-02,40.571125,,
1996-07-03,40.486538,,
1996-07-05,39.452499,,
1996-07-08,39.292709,,
1996-07-09,39.452499,,
1996-07-10,39.612312,,
1996-07-11,38.813297,,
1996-07-12,38.841484,,
1996-07-15,37.694683,,
1996-07-16,37.788685,,
1996-07-17,38.239868,,
1996-07-18,38.766273,,
1996-07-19,38.484291,,
1996-07-22,38.202293,,
1996-07-23,37.71347,,
1996-07-24,37.788685,,
1996-07-25,38.127087,,
1996-07-26,38.333881,,
1996-07-29,37.910873,,
1996-07-30,38.27747,,
1996-07-31,38.55949,,
1996-08-01,39.198711,,
1996-08-02,40.044704,,
1996-08-05,39.809719,,
1996-08-06,39.931915,,
1996-08-07,40.035294,,
1996-08-08,39.969524,,
1996-08-09,39.837917,,
1996-08-12,40.129314,,
1996-08-13,39.809719,,
1996-08-14,39.950722,,
1996-08-15,39.87553,,
1996-08-16,40.213917,,
1996-08-19,40.232731,,
1996-08-20,40.204514,,
1996-08-21,40.063503,,
1996-08-22,40.439514,,
1996-08-23,40.223335,,
1996-08-26,40.025936,,
1996-08-27,40.176315,,
1996-08-28,40.110512,,
1996-08-29,39.715694,,
1996-08-30,39.302109,,
1996-09-03,39.555912,,
1996-09-04,39.59351,,
1996-09-05,39.11412,,
1996-09-06,39.668716,,
1996-09-09,40.138718,,
1996-09-10,40.119919,,
1996-09-11,40.345528,,
1996-09-12,40.627518,,
1996-09-13,41.247948,,
1996-09-16,41.398315,,
1996-09-17,41.304352,,
1996-09-18,41.200932,,
1996-09-19,41.360737,,
1996-09-20,41.507462,,
1996-09-23,41.498005,,
1996-09-24,41.488556,,
1996-09-25,41.516903,,
1996-09-26,41.498005,,
1996-09-27,41.535793,,
1996-09-30,41.498005,,
1996-10-01,41.724766,,
1996-10-02,42.00824,,
1996-10-03,41.970425,,
1996-10-04,42.53735,,
1996-10-07,42.584599,,
1996-10-08,42.414539,,
1996-10-09,42.083813,,
1996-10-10,41.998775,,
1996-10-11,42.51844,,
1996-10-14,42.575123,,
1996-10-15,42.51844,,
1996-10-16,42.726307,,
1996-10-17,42.83971,,
1996-10-18,43.066475,,
1996-10-21,43.009773,,
1996-10-22,42.707401,,
1996-10-23,42.849152,,
1996-10-24,42.480648,,
1996-10-25,42.51844,,
1996-10-28,42.234993,,
1996-10-29,42.575123,,
1996-10-30,42.433422,,
1996-10-31,42.83971,,
1996-11-01,42.688515,,
1996-11-04,42.971977,,
1996-11-05,43.21764,,
1996-11-06,44.04911,,
1996-11-07,44.153019,,
1996-11-08,44.398708,,
1996-11-11,44.351471,,
1996-11-12,44.219181,,
1996-11-13,44.417622,,
1996-11-14,44.710514,,
1996-11-15,44.767193,,
1996-11-18,44.776661,,
1996-11-19,45.097916,,
1996-11-20,45.173492,,
1996-11-21,45.107338,,
1996-11-22,45.456951,,
1996-11-25,46.03331,,
1996-11-26,45.882126,,
1996-11-27,45.797089,,
1996-11-29,45.967155,,
1996-12-02,45.986057,,
1996-12-03,45.201839,,
1996-12-04,45.324661,,
1996-12-05,45.201839,,
1996-12-06,44.937244,,
1996-12-09,45.598663,,
1996-12-10,45.381371,,
1996-12-11,44.965641,,
1996-12-12,44.219181,,
1996-12-13,44.332569,,
1996-12-16,43.76564,,
1996-12-17,44.115242,,
1996-12-18,44.464859,,
1996-12-19,45.381371,,
1996-12-20,45.48093,,
1996-12-23,45.367001,,
1996-12-24,45.699329,,
1996-12-26,46.050629,,
1996-12-27,46.10759,,
1996-12-30,45.708828,,
1996-12-31,44.873245,,
1997-01-02,44.987186,,
1997-01-03,45.632866,,
1997-01-06,45.234097,,
1997-01-07,45.784767,,
1997-01-08,45.385994,,
1997-01-09,45.765785,,
1997-01-10,46.259541,,
1997-01-13,46.193062,,
1997-01-14,46.772263,,
1997-01-15,46.658306,,
1997-01-16,46.84819,,
1997-01-17,47.133053,,
1997-01-20,47.190029,,
1997-01-21,47.569832,,
1997-01-22,47.911663,,
1997-01-23,47.247002,,
1997-01-24,46.639317,,
1997-01-27,46.506397,,
1997-01-28,46.639317,,
1997-01-29,47.095074,,
1997-01-30,47.702766,,
1997-01-31,47.64579,,
1997-02-03,47.788189,,
1997-02-04,48.082554,,
1997-02-05,47.180527,,
1997-02-06,47.493855,,
1997-02-07,48.139534,,
1997-02-10,47.683773,,
1997-02-11,48.234493,,
1997-02-12,48.918121,,
1997-02-13,49.449844,,
1997-02-14,49.335907,,
1997-02-18,49.753681,,
1997-02-19,49.421345,,
1997-02-20,48.823162,,
1997-02-21,48.84214,,
1997-02-24,49.421345,,
1997-02-25,49.459328,,
1997-02-26,48.975071,,
1997-02-27,48.243969,,
1997-02-28,48.101559,,
1997-03-03,48.424362,,
1997-03-04,48.158531,,
1997-03-05,48.975071,,
1997-03-06,48.690239,,
1997-03-07,49.127018,,
1997-03-10,49.639725,,
1997-03-11,49.373875,,
1997-03-12,48.937119,,
1997-03-13,48.177521,,
1997-03-14,48.424362,,
1997-03-17,48.557323,,
1997-03-18,48.035091,,
1997-03-19,47.873665,,
1997-03-20,47.626801,,
1997-03-21,47.847324,,
1997-03-24,48.514519,,
1997-03-25,48.037945,,
1997-03-26,48.247654,,
1997-03-27,46.97044,,
1997-03-31,45.979206,,
1997-04-01,46.274639,,
1997-04-02,45.445408,,
1997-04-03,45.693245,,
1997-04-04,46.265118,,
1997-04-07,46.446182,,
1997-04-08,46.779831,,
1997-04-09,46.398571,,
1997-04-10,46.226986,,
1997-04-11,44.759201,,
1997-04-14,45.359657,,
1997-04-15,46.131687,,
1997-04-16,46.665417,,
1997-04-17,46.474804,,
1997-04-18,46.703564,,
1997-04-21,46.398571,,
1997-04-22,47.418423,,
1997-04-23,47.466072,,
1997-04-24,47.227787,,
1997-04-25,46.684502,,
1997-04-28,47.141998,,
1997-04-29,48.628899,,
1997-04-30,48.857639,,
1997-05-01,48.800453,,
1997-05-02,49.677345,,
1997-05-05,50.859207,,
1997-05-06,50.821091,,
1997-05-07,49.71545,,
1997-05-08,50.05859,,
1997-05-09,50.401718,,
1997-05-12,51.240486,,
1997-05-13,51.030781,,
1997-05-14,51.126083,,
1997-05-15,51.469223,,
1997-05-16,50.763927,,
1997-05-19,50.916416,,
1997-05-20,51.52644,,
1997-05-21,51.412048,,
1997-05-22,51.240486,,
1997-05-23,51.717003,,
1997-05-27,51.926731,,
1997-05-28,51.91721,,
1997-05-29,51.612209,,
1997-05-30,51.945801,,
1997-06-02,51.717003,,
1997-06-03,51.545506,,
1997-06-04,51.488304,,
1997-06-05,51.678928,,
1997-06-06,52.689243,,
1997-06-09,52.956123,,
1997-06-10,53.118141,,
1997-06-11,53.24205,,
1997-06-12,54.271442,,
1997-06-13,54.728951,,
1997-06-16,54.748028,,
1997-06-17,54.671787,,
1997-06-18,54.481133,,
1997-06-19,55.043484,,
1997-06-20,54.855919,,
1997-06-23,53.525925,,
1997-06-24,54.884678,,
1997-06-25,54.501888,,
1997-06-26,54.233994,,
1997-06-27,54.444489,,
1997-06-30,54.080894,,
1997-07-01,54.712429,,
1997-07-02,55.611843,,
1997-07-03,56.377319,,
1997-07-07,55.803207,,
1997-07-08,56.386879,,
1997-07-09,55.764938,,
1997-07-10,56.013699,,
1997-07-11,56.205109,,
1997-07-14,56.377319,,
1997-07-15,56.664364,,
1997-07-16,57.410721,,
1997-07-17,57.123631,,
1997-07-18,55.908466,,
1997-07-21,55.918045,,
1997-07-22,57.401142,,
1997-07-23,57.35331,,
1997-07-24,57.621223,,
1997-07-25,57.582951,,
1997-07-28,57.544624,,
1997-07-29,57.736019,,
1997-07-30,58.424988,,
1997-07-31,58.367565,,
1997-08-01,58.137859,,
1997-08-04,58.291035,,
1997-08-05,58.329311,,
1997-08-06,58.807747,,
1997-08-07,58.367565,,
1997-08-08,57.181084,,
1997-08-11,57.602077,,
1997-08-12,56.683502,,
1997-08-13,56.511272,,
1997-08-14,56.721748,,
1997-08-15,54.980328,,
1997-08-18,56.205109,,
1997-08-19,56.855755,,
1997-08-20,57.716927,,
1997-08-21,56.702641,,
1997-08-22,56.683502,,
1997-08-25,56.473022,,
1997-08-26,55.640564,,
1997-08-27,55.975449,,
1997-08-28,55.123859,,
1997-08-29,55.34391,,
1997-09-02,57.142796,,
1997-09-03,56.836632,,
1997-09-04,57.200226,,
1997-09-05,57.037579,,
1997-09-08,57.286331,,
1997-09-09,57.315044,,
1997-09-10,56.12854,,
1997-09-11,55.841488,,
1997-09-12,56.740944,,
1997-09-15,56.645256,,
1997-09-16,58.061371,,
1997-09-17,58.061371,,
1997-09-18,58.310127,,
1997-09-19,58.408783,,
1997-09-22,58.735332,,
1997-09-23,58.466427,,
1997-09-24,57.986256,,
1997-09-25,57.582886,,
1997-09-26,58.063076,,
1997-09-29,58.620083,,
1997-09-30,58.005459,,
1997-10-01,58.773743,,
1997-10-02,59.100239,,
1997-10-03,59.397964,,
1997-10-06,59.79171,,
1997-10-07,60.348709,,
1997-10-08,59.926105,,
1997-10-09,59.714893,,
1997-10-10,59.542042,,
1997-10-13,59.599617,,
1997-10-14,59.618843,,
1997-10-15,59.484375,,
1997-10-16,58.54327,,
1997-10-17,57.947788,,
1997-10-20,58.773743,,
1997-10-21,59.916573,,
1997-10-22,59.522816,,
1997-10-23,58.351112,,
1997-10-24,57.774944,,
1997-10-27,53.587811,,
1997-10-28,56.680164,,
1997-10-29,56.52652,,
1997-10-30,55.278049,,
1997-10-31,56.584106,,
1997-11-03,57.774944,,
1997-11-04,57.774944,,
1997-11-05,57.967026,,
1997-11-06,57.746166,,
1997-11-07,57.121929,,
1997-11-10,56.776226,,
1997-11-11,56.79538,,
1997-11-12,55.623787,,
1997-11-13,56.430443,,
1997-11-14,57.19873,,
1997-11-17,58.255131,,
1997-11-18,57.890213,,
1997-11-19,58.178326,,
1997-11-20,59.061848,,
1997-11-21,59.465187,,
1997-11-24,58.389606,,
1997-11-25,58.54327,,
1997-11-26,58.716091,,
1997-11-28,58.773743,,
1997-12-01,60.2911,,
1997-12-02,59.926105,,
1997-12-03,60.09903,,
1997-12-04,60.041405,,
1997-12-05,60.809677,,
1997-12-08,60.636806,,
1997-12-09,60.271935,,
1997-12-10,59.753288,,
1997-12-11,58.735332,,
1997-12-12,58.850555,,
1997-12-15,59.44598,,
1997-12-16,59.810886,,
1997-12-17,59.503597,,
1997-12-18,58.927372,,
1997-12-19,58.486954,,
1997-12-22,58.862976,,
1997-12-23,57.812019,,
1997-12-24,57.638493,,
1997-12-26,57.869896,,
1997-12-29,59.007618,,
1997-12-30,59.93322,,
1997-12-31,59.894669,,
1998-01-02,60.203167,,
1998-01-05,60.338184,,
1998-01-06,59.374004,,
1998-01-07,59.528248,,
1998-01-08,59.007618,,
1998-01-09,56.963554,,
1998-01-12,58.004845,,
1998-01-13,58.81477,,
1998-01-14,59.084743,,
1998-01-15,58.59301,,
1998-01-16,59.431843,,
1998-01-20,60.396019,,
1998-01-21,59.81752,,
1998-01-22,59.287209,,
1998-01-23,59.200428,,
1998-01-26,59.161861,,
1998-01-27,59.759674,,
1998-01-28,60.29961,,
1998-01-29,60.627403,,
1998-01-30,60.666016,,
1998-02-02,61.668709,,
1998-02-03,62.131519,,
1998-02-04,62.054432,,
1998-02-05,62.015865,,
1998-02-06,62.71003,,
1998-02-09,62.497978,,
1998-02-10,63.095757,,
1998-02-11,63.037849,,
1998-02-12,63.307827,,
1998-02-13,62.941452,,
1998-02-17,63.250004,,
1998-02-18,63.828499,,
1998-02-19,63.49102,,
1998-02-20,63.963463,,
1998-02-23,64.214127,,
1998-02-24,63.712799,,
1998-02-25,64.503395,,
1998-02-26,64.869774,,
1998-02-27,64.869774,,
1998-03-02,64.734818,,
1998-03-03,65.101181,,
1998-03-04,64.676956,,
1998-03-05,64.079163,,
1998-03-06,65.371162,,
1998-03-09,65.139763,,
1998-03-10,65.756828,,
1998-03-11,66.065353,,
1998-03-12,66.335365,,
1998-03-13,66.084633,,
1998-03-16,66.79818,,
1998-03-17,66.990959,,
1998-03-18,67.241676,,
1998-03-19,67.415207,,
1998-03-20,67.99572,,
1998-03-23,67.841011,,
1998-03-24,68.421181,,
1998-03-25,68.169785,,
1998-03-26,68.131065,,
1998-03-27,67.841011,,
1998-03-30,67.802353,,
1998-03-31,68.03437,,
1998-04-01,68.585556,,
1998-04-02,69.330086,,
1998-04-03,69.678177,,
1998-04-06,69.117355,,
1998-04-07,68.653244,,
1998-04-08,68.266472,,
1998-04-09,68.807961,,
1998-04-13,68.614571,,
1998-04-14,69.194725,,
1998-04-15,69.388123,,
1998-04-16,68.575874,,
1998-04-17,69.484825,,
1998-04-20,69.465462,,
1998-04-21,69.79425,,
1998-04-22,69.987625,,
1998-04-23,69.310768,,
1998-04-24,68.575874,,
1998-04-27,67.280144,,
1998-04-28,67.183456,,
1998-04-29,67.647629,,
1998-04-30,68.904671,,
1998-05-01,69.678177,,
1998-05-04,69.504158,,
1998-05-05,69.02066,,
1998-05-06,68.208397,,
1998-05-07,67.666916,,
1998-05-08,68.769241,,
1998-05-11,68.537178,,
1998-05-12,69.272087,,
1998-05-13,69.446106,,
1998-05-14,69.098015,,
1998-05-15,68.711258,,
1998-05-18,68.440506,,
1998-05-19,68.904671,,
1998-05-20,69.562141,,
1998-05-21,69.117355,,
1998-05-22,68.846611,,
1998-05-26,67.744324,,
1998-05-27,67.841011,,
1998-05-28,68.150414,,
1998-05-29,67.473587,,
1998-06-01,67.782974,,
1998-06-02,67.841011,,
1998-06-03,66.757996,,
1998-06-04,67.99572,,
1998-06-05,69.310768,,
1998-06-08,69.233421,,
1998-06-09,69.446106,,
1998-06-10,69.00132,,
1998-06-11,67.705635,,
1998-06-12,68.343842,,
1998-06-15,66.54528,,
1998-06-16,67.570251,,
1998-06-17,68.982025,,
1998-06-18,68.672585,,
1998-06-19,68.328491,,
1998-06-22,68.658302,,
1998-06-23,69.473083,,
1998-06-24,70.404327,,
1998-06-25,70.287949,,
1998-06-26,70.578934,,
1998-06-29,70.831154,,
1998-06-30,70.346123,,
1998-07-01,71.160934,,
1998-07-02,71.296738,,
1998-07-06,72.01461,,
1998-07-07,71.878761,,
1998-07-08,72.402596,,
1998-07-09,71.91758,,
1998-07-10,72.305603,,
1998-07-13,72.324989,,
1998-07-14,73.139801,,
1998-07-15,73.004021,,
1998-07-16,73.508415,,
1998-07-17,73.605423,,
1998-07-20,73.605423,,
1998-07-21,72.324989,,
1998-07-22,72.324989,,
1998-07-23,70.889328,,
1998-07-24,70.831154,,
1998-07-27,71.335564,,
1998-07-28,70.132729,,
1998-07-29,69.861153,,
1998-07-30,70.908737,,
1998-07-31,69.39547,,
1998-08-03,69.104492,,
1998-08-04,66.427223,,
1998-08-05,67.339043,,
1998-08-06,67.630043,,
1998-08-07,67.74646,,
1998-08-10,67.358452,,
1998-08-11,66.349632,,
1998-08-12,67.474869,,
1998-08-13,66.660042,,
1998-08-14,65.884018,,
1998-08-17,67.280853,,
1998-08-18,68.522491,,
1998-08-19,68.347885,,
1998-08-20,67.940483,,
1998-08-21,67.397255,,
1998-08-24,67.824074,,
1998-08-25,67.979279,,
1998-08-26,67.591255,,
1998-08-27,64.409546,,
1998-08-28,64.176781,,
1998-08-31,59.598278,,
1998-09-01,62.120316,,
1998-09-02,61.674126,,
1998-09-03,61.189133,,
1998-09-04,60.684696,,
1998-09-08,63.943985,,
1998-09-09,62.391937,,
1998-09-10,61.150311,,
1998-09-11,63.129189,,
1998-09-14,64.215569,,
1998-09-15,64.603577,,
1998-09-16,65.185623,,
1998-09-17,63.323177,,
1998-09-18,63.605236,,
1998-09-21,63.566257,,
1998-09-22,64.091919,,
1998-09-23,66.661842,,
1998-09-24,65.026459,,
1998-09-25,64.94857,,
1998-09-28,65.532639,,
1998-09-29,65.37693,,
1998-09-30,63.391052,,
1998-10-01,61.561035,,
1998-10-02,62.748569,,
1998-10-05,61.483116,,
1998-10-06,61.424694,,
1998-10-07,60.50964,,
1998-10-08,60.178669,,
1998-10-09,61.385769,,
1998-10-12,62.281315,,
1998-10-13,62.067158,,
1998-10-14,62.651253,,
1998-10-15,66.019356,,
1998-10-16,66.038834,,
1998-10-19,66.272476,,
1998-10-20,66.661842,,
1998-10-21,66.42823,,
1998-10-22,67.421143,,
1998-10-23,66.564522,,
1998-10-26,67.051254,,
1998-10-27,66.661842,,
1998-10-28,66.545067,,
1998-10-29,68.16098,,
1998-10-30,68.530869,,
1998-11-02,69.699013,,
1998-11-03,69.192841,,
1998-11-04,69.932671,,
1998-11-05,70.886635,,
1998-11-06,71.100777,,
1998-11-09,70.594559,,
1998-11-10,70.399933,,
1998-11-11,69.932671,,
1998-11-12,69.854782,,
1998-11-13,70.536217,,
1998-11-16,71.061859,,
1998-11-17,71.061859,,
1998-11-18,71.490173,,
1998-11-19,72.113205,,
1998-11-20,72.65831,,
1998-11-23,74.371605,,
1998-11-24,73.904327,,
1998-11-25,73.904327,,
1998-11-27,74.449448,,
1998-11-30,72.346802,,
1998-12-01,73.281342,,
1998-12-02,73.067162,,
1998-12-03,71.860085,,
1998-12-04,73.748596,,
1998-12-07,74.099014,,
1998-12-08,73.768051,,
1998-12-09,73.904327,,
1998-12-10,72.823792,,
1998-12-11,72.969826,,
1998-12-14,70.867134,,
1998-12-15,72.697235,,
1998-12-16,72.599907,,
1998-12-17,73.758331,,
1998-12-18,74.071724,,
1998-12-21,75.10701,,
1998-12-22,75.439072,,
1998-12-23,77.021301,,
1998-12-24,76.689247,,
1998-12-28,76.493912,,
1998-12-29,77.704987,,
1998-12-30,77.079887,,
1998-12-31,77.079887,,
1999-01-04,76.904099,,
1999-01-05,77.783112,,
1999-01-06,79.65834,,
1999-01-07,79.267693,,
1999-01-08,79.853676,,
1999-01-11,79.09185,,
1999-01-12,77.665916,,
1999-01-13,77.118935,,
1999-01-14,75.771133,,
1999-01-15,77.744041,,
1999-01-19,78.2519,,
1999-01-20,78.877014,,
1999-01-21,76.786865,,
1999-01-22,76.611092,,
1999-01-25,77.392433,,
1999-01-26,78.798843,,
1999-01-27,77.880753,,
1999-01-28,79.189575,,
1999-01-29,79.795082,,
1999-02-01,79.326248,,
1999-02-02,78.837929,,
1999-02-03,79.638802,,
1999-02-04,78.447243,,
1999-02-05,77.548683,,
1999-02-08,77.704987,,
1999-02-09,75.966476,,
1999-02-10,76.454803,,
1999-02-11,78.21286,,
1999-02-12,77.275238,,
1999-02-16,76.806458,,
1999-02-17,76.728294,,
1999-02-18,77.333817,,
1999-02-19,77.665916,,
1999-02-22,79.736473,,
1999-02-23,79.697395,,
1999-02-24,78.290993,,
1999-02-25,77.548683,,
1999-02-26,77.236176,,
1999-03-01,77.451035,,
1999-03-02,76.76738,,
1999-03-03,77.177559,,
1999-03-04,78.154259,,
1999-03-05,79.726715,,
1999-03-08,80.244354,,
1999-03-09,80.048996,,
1999-03-10,80.752213,,
1999-03-11,81.650749,,
1999-03-12,80.869408,,
1999-03-15,82.021927,,
1999-03-16,81.709343,,
1999-03-17,81.357758,,
1999-03-18,82.666512,,
1999-03-19,81.261391,,
1999-03-22,81.418037,,
1999-03-23,79.068336,,
1999-03-24,79.518661,,
1999-03-25,81.143898,,
1999-03-26,80.55648,,
1999-03-29,82.181717,,
1999-03-30,81.750946,,
1999-03-31,80.438995,,
1999-04-01,81.045975,,
1999-04-05,82.96492,,
1999-04-06,82.769119,,
1999-04-07,83.434868,,
1999-04-08,84.492279,,
1999-04-09,84.511803,,
1999-04-12,85.41256,,
1999-04-13,84.864349,,
1999-04-14,83.434868,,
1999-04-15,83.121582,,
1999-04-16,82.416687,,
1999-04-19,81.143898,,
1999-04-20,82.16214,,
1999-04-21,84.511803,,
1999-04-22,85.314659,,
1999-04-23,85.099251,,
1999-04-26,85.588799,,
1999-04-27,86.000008,,
1999-04-28,84.825127,,
1999-04-29,84.17897,,
1999-04-30,83.493652,,
1999-05-03,85.02095,,
1999-05-04,83.806938,,
1999-05-05,84.472694,,
1999-05-06,83.953781,,
1999-05-07,84.590149,,
1999-05-10,84.169174,,
1999-05-11,85.02095,,
1999-05-12,85.686676,,
1999-05-13,86.058693,,
1999-05-14,83.826515,,
1999-05-17,84.081062,,
1999-05-18,83.924416,,
1999-05-19,84.531433,,
1999-05-20,84.022308,,
1999-05-21,83.552345,,
1999-05-24,82.16214,,
1999-05-25,80.830582,,
1999-05-26,81.731346,,
1999-05-27,80.55648,,
1999-05-28,81.584465,,
1999-06-01,81.300583,,
1999-06-02,81.378891,,
1999-06-03,81.829269,,
1999-06-04,83.474022,,
1999-06-07,83.689438,,
1999-06-08,82.867027,,
1999-06-09,82.788681,,
1999-06-10,82.02507,,
1999-06-11,81.339706,,
1999-06-14,81.418037,,
1999-06-15,81.966278,,
1999-06-16,83.532761,,
1999-06-17,84.316017,,
1999-06-18,84.413437,,
1999-06-21,84.609833,,
1999-06-22,84.020653,,
1999-06-23,83.608177,,
1999-06-24,82.979691,,
1999-06-25,82.773506,,
1999-06-28,83.784935,,
1999-06-29,84.570541,,
1999-06-30,86.102562,,
1999-07-01,86.750603,,
1999-07-02,87.614799,,
1999-07-06,87.595154,,
1999-07-07,87.712982,,
1999-07-08,87.781738,,
1999-07-09,88.3022,,
1999-07-12,87.909386,,
1999-07-13,87.595154,,
1999-07-14,88.086113,,
1999-07-15,88.645912,,
1999-07-16,89.127106,,
1999-07-19,88.53788,,
1999-07-20,86.721176,,
1999-07-21,86.622955,,
1999-07-22,85.483826,,
1999-07-23,85.31691,,
1999-07-26,84.688385,,
1999-07-27,85.395477,,
1999-07-28,85.670403,,
1999-07-29,84.472343,,
1999-07-30,83.431442,,
1999-08-02,83.6278,,
1999-08-03,83.235046,,
1999-08-04,82.095886,,
1999-08-05,82.842201,,
1999-08-06,81.938774,,
1999-08-09,81.762016,,
1999-08-10,80.858597,,
1999-08-11,81.840569,,
1999-08-12,81.791473,,
1999-08-13,83.686768,,
1999-08-16,84.059906,,
1999-08-17,84.609833,,
1999-08-18,84.001007,,
1999-08-19,83.313583,,
1999-08-20,84.158104,,
1999-08-23,85.768646,,
1999-08-24,86.082855,,
1999-08-25,86.966675,,
1999-08-26,85.925743,,
1999-08-27,84.884819,,
1999-08-30,83.313583,,
1999-08-31,82.999344,,
1999-09-01,84.020653,,
1999-09-02,83.028824,,
1999-09-03,85.454391,,
1999-09-07,85.140175,,
1999-09-08,84.727715,,
1999-09-09,84.688385,,
1999-09-10,85.395477,,
1999-09-13,84.816032,,
1999-09-14,84.256294,,
1999-09-15,82.920784,,
1999-09-16,83.244896,,
1999-09-17,84.2967,,
1999-09-20,84.17852,,
1999-09-21,82.405876,,
1999-09-22,82.317284,,
1999-09-23,80.593925,,
1999-09-24,80.515152,,
1999-09-27,81.046928,,
1999-09-28,80.889366,,
1999-09-29,79.924278,,
1999-09-30,81.145416,,
1999-10-01,80.968178,,
1999-10-04,82.405876,,
1999-10-05,82.327133,,
1999-10-06,83.587601,,
1999-10-07,83.114975,,
1999-10-08,84.375473,,
1999-10-11,84.237564,,
1999-10-12,82.93766,,
1999-10-13,80.790871,,
1999-10-14,80.771217,,
1999-10-15,78.703156,,
1999-10-18,79.274315,,
1999-10-19,80.042427,,
1999-10-20,80.830315,,
1999-10-21,81.30294,,
1999-10-22,81.99231,,
1999-10-25,81.578705,,
1999-10-26,80.554535,,
1999-10-27,82.011948,,
1999-10-28,84.808754,,
1999-10-29,86.345062,,
1999-11-01,85.439041,,
1999-11-02,84.828484,,
1999-11-03,85.399597,,
1999-11-04,86.049606,,
1999-11-05,86.896446,,
1999-11-08,86.975281,,
1999-11-09,86.157883,,
1999-11-10,86.797974,,
1999-11-11,87.290421,,
1999-11-12,88.078201,,
1999-11-15,88.285088,,
1999-11-16,89.023582,,
1999-11-17,89.259918,,
1999-11-18,89.890205,,
1999-11-19,89.811394,,
1999-11-22,89.791679,,
1999-11-23,89.003822,,
1999-11-24,89.476601,,
1999-11-26,89.141769,,
1999-11-29,88.82663,,
1999-11-30,87.782761,,
1999-12-01,88.491791,,
1999-12-02,89.023582,,
1999-12-03,90.658318,,
1999-12-06,89.988686,,
1999-12-07,89.259918,,
1999-12-08,88.688797,,
1999-12-09,89.122086,,
1999-12-10,89.417488,,
1999-12-13,89.575058,,
1999-12-14,88.708458,,
1999-12-15,89.181168,,
1999-12-16,89.575058,,
1999-12-17,90.150307,,
1999-12-20,89.498764,,
1999-12-21,90.861061,,
1999-12-22,91.098015,,
1999-12-23,92.549217,,
1999-12-27,92.420906,,
1999-12-28,92.361618,,
1999-12-29,92.756516,,
1999-12-30,92.647881,,
1999-12-31,92.796005,,
2000-01-03,91.887779,,
2000-01-04,88.294395,,
2000-01-05,88.452347,,
2000-01-06,87.030807,,
2000-01-07,92.085213,,
2000-01-10,92.40107,,
2000-01-11,91.295448,,
2000-01-12,90.387276,,
2000-01-13,91.611404,,
2000-01-14,92.855217,,
2000-01-18,92.124725,,
2000-01-19,92.874962,,
2000-01-20,91.453445,,
2000-01-21,91.255989,,
2000-01-24,88.669533,,
2000-01-25,89.676491,,
2000-01-26,88.965668,,
2000-01-27,88.610298,,
2000-01-28,85.846169,,
2000-01-31,88.175926,,
2000-02-01,89.044662,,
2000-02-02,89.123642,,
2000-02-03,90.466187,,
2000-02-04,90.09108,,
2000-02-07,89.95285,,
2000-02-08,91.176979,,
2000-02-09,89.261848,,
2000-02-10,89.439522,,
2000-02-11,87.623085,,
2000-02-14,88.136444,,
2000-02-15,89.133522,,
2000-02-16,87.820549,,
2000-02-17,87.366463,,
2000-02-18,85.490807,,
2000-02-22,85.27359,,
2000-02-23,86.280502,,
2000-02-24,84.543083,,
2000-02-25,84.237022,,
2000-02-28,86.004097,,
2000-02-29,86.833344,,
2000-03-01,87.465141,,
2000-03-02,87.524406,,
2000-03-03,89.163139,,
2000-03-06,88.294395,,
2000-03-07,86.58654,,
2000-03-08,86.477943,,
2000-03-09,89.005203,,
2000-03-10,88.531296,,
2000-03-13,87.563896,,
2000-03-14,86.320038,,
2000-03-15,88.333893,,
2000-03-16,92.460381,,
2000-03-17,93.071419,,
2000-03-20,92.596382,,
2000-03-21,94.49659,,
2000-03-22,95.070663,,
2000-03-23,96.693756,,
2000-03-24,97.267723,,
2000-03-27,96.238487,,
2000-03-28,95.684219,,
2000-03-29,95.783195,,
2000-03-30,94.179916,,
2000-03-31,95.248787,,
2000-04-03,95.803024,,
2000-04-04,95.090446,,
2000-04-05,94.49659,,
2000-04-06,95.318024,,
2000-04-07,95.921814,,
2000-04-10,95.545692,,
2000-04-11,95.268532,,
2000-04-12,92.655785,,
2000-04-13,91.369156,,
2000-04-14,86.143509,,
2000-04-17,89.152229,,
2000-04-18,91.507713,,
2000-04-19,90.656548,,
2000-04-20,91.092041,,
2000-04-24,90.102341,,
2000-04-25,93.843407,,
2000-04-26,92.784416,,
2000-04-27,92.4776,,
2000-04-28,91.903625,,
2000-05-01,93.150604,,
2000-05-02,91.289993,,
2000-05-03,89.152229,,
2000-05-04,89.825203,,
2000-05-05,90.913887,,
2000-05-08,90.230972,,
2000-05-09,89.508522,,
2000-05-10,87.489532,,
2000-05-11,89.488716,,
2000-05-12,90.458626,,
2000-05-15,92.022346,,
2000-05-16,92.913086,,
2000-05-17,91.943199,,
2000-05-18,90.814919,,
2000-05-19,89.389732,,
2000-05-22,88.716743,,
2000-05-23,87.410324,,
2000-05-24,88.83548,,
2000-05-25,87.311371,,
2000-05-26,87.410324,,
2000-05-30,90.260689,,
2000-05-31,90.458626,,
2000-06-01,92.042137,,
2000-06-02,93.645432,,
2000-06-05,93.190224,,
2000-06-06,92.774559,,
2000-06-07,93.417839,,
2000-06-08,93.051636,,
2000-06-09,92.853722,,
2000-06-12,91.765038,,
2000-06-13,93.487106,,
2000-06-14,93.645432,,
2000-06-15,93.843407,,
2000-06-16,93.072342,,
2000-06-19,94.262756,,
2000-06-20,93.925438,,
2000-06-21,93.885811,,
2000-06-22,92.457245,,
2000-06-23,91.663658,,
2000-06-26,92.844101,,
2000-06-27,92.159676,,
2000-06-28,92.417564,,
2000-06-29,91.544571,,
2000-06-30,92.239006,,
2000-07-03,93.508812,,
2000-07-05,91.82235,,
2000-07-06,92.536644,,
2000-07-07,94.024628,,
2000-07-10,93.865913,,
2000-07-11,94.064354,,
2000-07-12,94.679405,,
2000-07-13,95.096024,,
2000-07-14,96.028587,,
2000-07-17,95.86982,,
2000-07-18,95.086143,,
2000-07-19,94.322273,,
2000-07-20,95.631752,,
2000-07-21,93.766716,,
2000-07-24,93.231041,,
2000-07-25,93.528656,,
2000-07-26,92.615997,,
2000-07-27,92.298538,,
2000-07-28,90.215294,,
2000-07-31,90.790604,,
2000-08-01,91.346199,,
2000-08-02,91.80246,,
2000-08-03,92.437424,,
2000-08-04,92.933418,,
2000-08-07,94.044533,,
2000-08-08,94.401657,,
2000-08-09,93.608009,,
2000-08-10,93.151688,,
2000-08-11,93.588158,,
2000-08-14,94.778603,,
2000-08-15,94.699249,,
2000-08-16,94.361916,,
2000-08-17,95.353996,,
2000-08-18,95.03653,,
2000-08-21,95.552376,,
2000-08-22,95.393669,,
2000-08-23,95.770645,,
2000-08-24,96.068253,,
2000-08-25,96.028587,,
2000-08-28,96.355904,,
2000-08-29,96.375755,,
2000-08-30,95.453163,,
2000-08-31,96.722969,,
2000-09-01,96.822235,,
2000-09-05,96.048409,,
2000-09-06,94.957138,,
2000-09-07,95.770645,,
2000-09-08,95.115898,,
2000-09-11,94.976952,,
2000-09-12,94.282593,,
2000-09-13,94.530556,,
2000-09-14,95.006767,,
2000-09-15,92.928215,,
2000-09-18,92.072929,,
2000-09-19,92.908333,,
2000-09-20,92.222084,,
2000-09-21,90.819862,,
2000-09-22,92.470734,,
2000-09-25,91.814369,,
2000-09-26,90.640823,,
2000-09-27,91.11821,,
2000-09-28,92.291733,,
2000-09-29,91.416557,,
2000-10-02,91.555786,,
2000-10-03,90.700493,,
2000-10-04,91.456337,,
2000-10-05,91.774551,,
2000-10-06,89.785538,,
2000-10-09,89.109245,,
2000-10-10,87.63736,,
2000-10-11,86.901436,,
2000-10-12,84.73333,,
2000-10-13,87.55777,,
2000-10-16,87.955605,,
2000-10-17,85.767654,,
2000-10-18,85.449425,,
2000-10-19,88.671646,,
2000-10-20,89.049599,,
2000-10-23,89.447357,,
2000-10-24,88.850632,,
2000-10-25,86.762161,,
2000-10-26,87.000854,,
2000-10-27,88.651764,,
2000-10-30,89.447357,,
2000-10-31,90.988899,,
2000-11-01,90.680595,,
2000-11-02,90.829788,,
2000-11-03,90.879539,,
2000-11-06,91.515999,,
2000-11-07,91.496109,,
2000-11-08,89.467262,,
2000-11-09,89.129143,,
2000-11-10,86.96106,,
2000-11-13,86.284821,,
2000-11-14,88.552284,,
2000-11-15,88.830803,,
2000-11-16,87.438416,,
2000-11-17,86.971016,,
2000-11-20,85.727859,,
2000-11-21,86.165459,,
2000-11-22,84.106812,,
2000-11-24,85.827354,,
2000-11-27,86.58316,,
2000-11-28,85.09137,,
2000-11-29,84.932297,,
2000-11-30,84.196297,,
2000-12-01,84.156548,,
2000-12-04,84.872589,,
2000-12-05,87.657219,,
2000-12-06,86.254974,,
2000-12-07,85.071487,,
2000-12-08,85.270378,,
2000-12-11,88.234085,,
2000-12-12,87.856148,,
2000-12-13,86.652763,,
2000-12-14,85.548843,,
2000-12-15,83.616585,,
2000-12-18,84.733879,,
2000-12-19,83.008095,,
2000-12-20,80.603943,,
2000-12-21,81.162567,,
2000-12-22,83.596657,,
2000-12-26,84.494446,,
2000-12-27,85.112976,,
2000-12-28,85.372299,,
2000-12-29,83.756256,,
2001-01-02,82.23996,,
2001-01-03,86.190338,,
2001-01-04,85.262573,,
2001-01-05,82.47937,,
2001-01-08,83.117813,,
2001-01-09,82.898361,,
2001-01-10,84.354774,,
2001-01-11,84.434608,,
2001-01-12,84.274994,,
2001-01-16,84.813705,,
2001-01-17,85.202698,,
2001-01-18,86.050728,,
2001-01-19,85.56189,,
2001-01-22,86.130508,,
2001-01-23,86.808823,,
2001-01-24,87.068214,,
2001-01-25,86.848709,,
2001-01-26,86.74894,,
2001-01-29,87.211845,,
2001-01-30,87.977974,,
2001-01-31,87.480019,,
2001-02-01,88.061012,,
2001-02-02,86.062637,,
2001-02-05,86.69471,,
2001-02-06,86.439346,,
2001-02-07,85.992447,,
2001-02-08,84.990067,,
2001-02-09,84.172836,,
2001-02-12,85.136887,,
2001-02-13,84.440987,,
2001-02-14,84.313309,,
2001-02-15,85.130531,,
2001-02-16,83.253479,,
2001-02-20,81.97023,,
2001-02-21,80.201691,,
2001-02-22,80.323029,,
2001-02-23,79.780327,,
2001-02-26,81.478615,,
2001-02-27,80.72522,,
2001-02-28,79.135498,,
2001-03-01,79.550484,,
2001-03-02,78.918396,,
2001-03-05,79.639877,,
2001-03-06,80.495384,,
2001-03-07,81.069962,,
2001-03-08,81.159393,,
2001-03-09,78.758835,,
2001-03-12,75.387825,,
2001-03-13,76.626389,,
2001-03-14,75.113319,,
2001-03-15,75.132423,,
2001-03-16,73.625481,,
2001-03-19,75.123482,,
2001-03-20,73.106972,,
2001-03-21,71.865021,,
2001-03-22,71.135254,,
2001-03-23,73.286209,,
2001-03-26,74.220848,,
2001-03-27,75.738045,,
2001-03-28,73.644684,,
2001-03-29,73.926361,,
2001-03-30,74.700966,,
2001-04-02,73.106972,,
2001-04-03,70.667931,,
2001-04-04,70.962372,,
2001-04-05,73.6511,,
2001-04-06,72.530785,,
2001-04-09,73.337387,,
2001-04-10,74.675377,,
2001-04-11,74.726601,,
2001-04-12,76.083733,,
2001-04-16,75.283524,,
2001-04-17,76.346146,,
2001-04-18,79.380585,,
2001-04-19,80.436859,,
2001-04-20,79.700684,,
2001-04-23,78.253876,,
2001-04-24,77.831352,,
2001-04-25,78.849197,,
2001-04-26,79.201355,,
2001-04-27,80.520058,,
2001-04-30,81.083382,,
2001-05-01,81.333084,,
2001-05-02,81.185867,,
2001-05-03,80.155159,,
2001-05-04,81.518745,,
2001-05-07,80.814529,,
2001-05-08,80.776108,,
2001-05-09,80.436859,,
2001-05-10,80.673698,,
2001-05-11,80.11676,,
2001-05-14,80.27681,,
2001-05-15,80.648117,,
2001-05-16,82.549385,,
2001-05-17,82.677437,,
2001-05-18,83.055153,,
2001-05-21,84.277847,,
2001-05-22,84.168999,,
2001-05-23,82.741432,,
2001-05-24,82.984718,,
2001-05-25,82.005272,,
2001-05-29,81.352257,,
2001-05-30,80.212822,,
2001-05-31,80.628883,,
2001-06-01,81.12825,,
2001-06-04,81.518745,,
2001-06-05,82.453346,,
2001-06-06,81.768387,,
2001-06-07,82.062874,,
2001-06-08,81.301086,,
2001-06-11,80.724907,,
2001-06-12,80.584091,,
2001-06-13,79.892693,,
2001-06-14,78.100243,,
2001-06-15,78.226051,,
2001-06-18,77.847298,,
2001-06-19,78.187538,,
2001-06-20,78.598427,,
2001-06-21,79.490784,,
2001-06-22,78.868073,,
2001-06-25,78.142616,,
2001-06-26,78.033493,,
2001-06-27,77.988564,,
2001-06-28,78.418671,,
2001-06-29,78.707535,,
2001-07-02,79.689774,,
2001-07-03,79.670547,,
2001-07-05,78.11692,,
2001-07-06,76.42849,,
2001-07-09,76.845818,,
2001-07-10,75.92131,,
2001-07-11,75.99839,,
2001-07-12,77.802376,,
2001-07-13,78.47644,,
2001-07-16,77.494202,,
2001-07-17,78.219643,,
2001-07-18,77.686798,,
2001-07-19,78.36731,,
2001-07-20,77.898621,,
2001-07-23,76.364311,,
2001-07-24,75.62603,,
2001-07-25,76.460609,,
2001-07-26,77.2631,,
2001-07-27,77.558434,,
2001-07-30,77.584076,,
2001-07-31,77.905045,,
2001-08-01,78.392975,,
2001-08-02,78.713989,,
2001-08-03,78.283875,,
2001-08-06,77.23101,,
2001-08-07,77.53273,,
2001-08-08,76.094681,,
2001-08-09,76.319366,,
2001-08-10,76.582619,,
2001-08-13,76.601868,,
2001-08-14,76.569756,,
2001-08-15,75.908546,,
2001-08-16,76.171707,,
2001-08-17,74.951942,,
2001-08-20,75.645271,,
2001-08-21,74.354897,,
2001-08-22,75.125275,,
2001-08-23,74.855621,,
2001-08-24,76.409256,,
2001-08-27,75.95343,,
2001-08-28,74.842781,,
2001-08-29,74.17514,,
2001-08-30,72.749916,,
2001-08-31,73.282761,,
2001-09-04,72.814133,,
2001-09-05,72.993889,,
2001-09-06,71.112862,,
2001-09-07,69.796814,,
2001-09-10,70.650635,,
2001-09-17,66.959213,,
2001-09-18,66.798706,,
2001-09-19,65.450554,,
2001-09-20,63.370464,,
2001-09-21,62.686798,,
2001-09-24,64.89064,,
2001-09-25,65.567245,,
2001-09-26,65.335274,,
2001-09-27,65.902313,,
2001-09-28,67.300674,,
2001-10-01,67.191116,,
2001-10-02,68.035263,,
2001-10-03,69.175865,,
2001-10-04,69.233871,,
2001-10-05,69.098518,,
2001-10-08,68.647438,,
2001-10-09,68.280144,,
2001-10-10,69.800941,,
2001-10-11,70.883537,,
2001-10-12,70.561295,,
2001-10-15,70.432434,,
2001-10-16,70.877068,,
2001-10-17,69.369164,,
2001-10-18,69.221001,,
2001-10-19,69.175865,,
2001-10-22,70.541954,,
2001-10-23,70.181145,,
2001-10-24,69.994247,,
2001-10-25,71.250816,,
2001-10-26,71.089737,,
2001-10-29,69.240318,,
2001-10-30,68.409042,,
2001-10-31,68.177048,,
2001-11-01,69.923332,,
2001-11-02,70.400215,,
2001-11-05,71.321716,,
2001-11-06,72.430077,,
2001-11-07,72.33342,,
2001-11-08,72.558945,,
2001-11-09,72.636276,,
2001-11-12,72.191635,,
2001-11-13,73.815506,,
2001-11-14,73.886391,,
2001-11-15,74.021683,,
2001-11-16,73.693062,,
2001-11-19,74.601654,,
2001-11-20,73.976601,,
2001-11-21,73.486839,,
2001-11-23,74.543686,,
2001-11-26,74.704773,,
2001-11-27,74.382599,,
2001-11-28,73.035767,,
2001-11-29,74.021683,,
2001-11-30,73.493332,,
2001-12-03,73.05513,,
2001-12-04,74.292389,,
2001-12-05,75.652054,,
2001-12-06,75.613396,,
2001-12-07,75.110779,,
2001-12-10,73.705971,,
2001-12-11,73.557785,,
2001-12-12,73.641548,,
2001-12-13,72.21093,,
2001-12-14,72.900452,,
2001-12-17,73.654419,,
2001-12-18,74.092621,,
2001-12-19,74.614555,,
2001-12-20,73.879974,,
2001-12-21,74.328033,,
2001-12-24,74.185814,,
2001-12-26,74.593147,,
2001-12-27,75.045784,,
2001-12-28,75.006973,,
2001-12-31,73.907753,,
2002-01-02,74.703087,,
2002-01-03,75.550095,,
2002-01-04,76.054527,,
2002-01-07,75.517799,,
2002-01-08,75.343246,,
2002-01-09,74.728958,,
2002-01-10,75.058739,,
2002-01-11,74.321594,,
2002-01-14,73.856018,,
2002-01-15,74.457375,,
2002-01-16,72.950783,,
2002-01-17,73.50042,,
2002-01-18,73.164139,,
2002-01-22,72.659782,,
2002-01-23,73.215881,,
2002-01-24,73.442162,,
2002-01-25,73.422791,,
2002-01-28,73.623238,,
2002-01-29,71.308388,,
2002-01-30,72.336479,,
2002-01-31,73.183533,,
2002-02-01,72.840828,,
2002-02-04,71.030334,,
2002-02-05,70.590668,,
2002-02-06,70.28672,,
2002-02-07,69.847008,,
2002-02-08,71.185516,,
2002-02-11,72.058472,,
2002-02-12,71.832115,,
2002-02-13,72.595123,,
2002-02-14,72.45932,,
2002-02-15,71.702774,,
2002-02-19,70.325531,,
2002-02-20,71.508812,,
2002-02-21,70.028122,,
2002-02-22,70.894531,,
2002-02-25,72.064888,,
2002-02-26,71.916176,,
2002-02-27,72.194244,,
2002-02-28,71.870934,,
2002-03-01,73.545647,,
2002-03-04,74.845322,,
2002-03-05,74.606102,,
2002-03-06,75.491936,,
2002-03-07,75.330307,,
2002-03-08,75.647141,,
2002-03-11,75.808777,,
2002-03-12,75.763542,,
2002-03-13,75.032845,,
2002-03-14,74.92942,,
2002-03-15,75.643349,,
2002-03-18,75.656319,,
2002-03-19,76.162117,,
2002-03-20,74.729027,,
2002-03-21,74.761452,,
2002-03-22,74.599335,,
2002-03-25,73.672028,,
2002-03-26,74.099991,,
2002-03-27,74.29454,,
2002-03-28,74.262115,,
2002-04-01,74.29454,,
2002-04-02,73.886002,,
2002-04-03,73.367249,,
2002-04-04,73.062462,,
2002-04-05,73.075447,,
2002-04-08,73.231064,,
2002-04-09,72.718773,,
2002-04-10,73.542313,,
2002-04-11,71.713661,,
2002-04-12,72.251892,,
2002-04-15,71.700699,,
2002-04-16,73.406128,,
2002-04-17,73.250519,,
2002-04-18,72.932762,,
2002-04-19,73.198654,,
2002-04-22,71.979538,,
2002-04-23,71.668266,,
2002-04-24,70.948463,,
2002-04-25,70.987366,,
2002-04-26,69.638618,,
2002-04-29,69.294891,,
2002-04-30,69.943329,,
2002-05-01,70.799355,,
2002-05-02,70.526978,,
2002-05-03,69.761772,,
2002-05-06,68.393532,,
2002-05-07,68.153595,,
2002-05-08,70.689095,,
2002-05-09,69.872017,,
2002-05-10,68.555634,,
2002-05-13,69.949852,,
2002-05-14,71.473732,,
2002-05-15,71.194901,,
2002-05-16,71.564514,,
2002-05-17,71.914703,,
2002-05-20,71.136543,,
2002-05-21,70.488045,,
2002-05-22,70.643677,,
2002-05-23,71.395897,,
2002-05-24,70.48156,,
2002-05-28,70.098984,,
2002-05-29,69.580223,,
2002-05-30,69.385674,,
2002-05-31,69.528351,,
2002-06-03,67.680229,,
2002-06-04,67.848793,,
2002-06-05,68.484322,,
2002-06-06,67.090111,,
2002-06-07,67.012321,,
2002-06-10,67.271667,,
2002-06-11,66.117455,,
2002-06-12,66.519493,,
2002-06-13,65.85154,,
2002-06-14,65.75428,,
2002-06-17,67.518082,,
2002-06-18,68.069267,,
2002-06-19,66.480568,,
2002-06-20,65.631096,,
2002-06-21,64.604874,,
2002-06-24,64.943222,,
2002-06-25,63.48558,,
2002-06-26,63.589703,,
2002-06-27,64.702454,,
2002-06-28,64.396606,,
2002-07-01,63.140724,,
2002-07-02,61.800194,,
2002-07-03,62.151588,,
2002-07-05,64.62439,,
2002-07-08,63.817486,,
2002-07-09,62.210159,,
2002-07-10,59.945621,,
2002-07-11,60.433655,,
2002-07-12,59.769894,,
2002-07-15,60.088787,,
2002-07-16,58.930481,,
2002-07-17,59.047573,,
2002-07-18,57.134396,,
2002-07-19,55.123661,,
2002-07-22,53.490337,,
2002-07-23,52.02618,,
2002-07-24,55.130177,,
2002-07-25,54.661652,,
2002-07-26,55.702805,,
2002-07-29,58.416386,,
2002-07-30,59.17775,37.055714,
2002-07-31,59.320927,37.514767,
2002-08-01,57.772129,37.728447,
2002-08-02,56.477196,38.114796,
2002-08-05,54.51199,38.282986,
2002-08-06,56.347042,37.955715,
2002-08-07,57.329689,38.046627,
2002-08-08,59.184258,38.046627,
2002-08-09,59.405479,38.583008,
2002-08-12,58.969505,38.819359,
2002-08-13,57.895779,39.29665,
2002-08-14,60.010658,39.44669,
2002-08-15,60.843632,39.101196,
2002-08-16,60.661392,38.664822,
2002-08-19,62.080017,38.783009,
2002-08-20,61.422764,39.214836,
2002-08-21,62.307777,39.005756,
2002-08-22,62.912968,38.664822,
2002-08-23,61.559444,39.046658,
2002-08-26,61.988926,39.083012,
2002-08-27,61.273125,38.837547,
2002-08-28,59.932602,39.03302,
2002-08-29,59.958614,39.346638,
2002-08-30,59.724358,39.583035,
2002-09-03,57.446827,40.191563,
2002-09-04,58.26672,40.182453,
2002-09-05,57.772129,40.401566,
2002-09-06,58.56604,39.926796,
2002-09-09,58.995556,39.867447,
2002-09-10,59.672314,40.059158,
2002-09-11,59.301384,39.849178,
2002-09-12,58.208157,40.159618,
2002-09-13,58.351303,40.529366,
2002-09-16,58.494492,40.597889,
2002-09-17,57.153961,40.675468,
2002-09-18,56.581329,40.684589,
2002-09-19,55.117142,40.958504,
2002-09-20,55.135471,40.766804,
2002-09-23,54.684441,41.132015,
2002-09-24,53.802036,41.396748,
2002-09-25,55.135471,40.894642,
2002-09-26,56.037525,40.798744,
2002-09-27,54.089615,41.104618,
2002-09-30,53.462135,41.268978,
2002-10-01,56.030949,40.757099,
2002-10-02,54.351097,40.990795,
2002-10-03,53.802036,40.889988,
2002-10-04,52.814987,41.018284,
2002-10-07,51.7234,41.087009,
2002-10-08,52.533932,41.10075,
2002-10-09,51.050144,41.311543,
2002-10-10,52.703911,40.986225,
2002-10-11,55.011269,40.500469,
2002-10-14,55.318485,40.440926,
2002-10-15,57.97884,39.48312,
2002-10-16,56.573502,39.501453,
2002-10-17,57.697773,39.020325,
2002-10-18,57.939617,39.121113,
2002-10-21,58.939709,38.740768,
2002-10-22,58.514851,38.630775,
2002-10-23,58.959316,38.644493,
2002-10-24,57.756615,38.983669,
2002-10-25,58.959316,39.125698,
2002-10-28,58.573673,39.07069,
2002-10-29,57.89386,39.579372,
2002-10-30,58.456013,39.565624,
2002-10-31,57.861206,39.744335,
2002-11-01,59.005077,39.578159,
2002-11-04,59.567207,39.403229,
2002-11-05,60.03783,39.251335,
2002-11-06,60.815716,39.407841,
2002-11-07,59.325394,40.38372,
2002-11-08,58.599804,40.710567,
2002-11-11,57.691254,40.931496,
2002-11-12,58.148792,40.696724,
2002-11-13,58.2076,40.784168,
2002-11-14,59.305779,39.937202,
2002-11-15,59.743694,40.098324,
2002-11-18,59.142326,40.277847,
2002-11-19,59.0639,40.425163,
2002-11-20,60.377769,40.029266,
2002-11-21,61.50206,39.642616,
2002-11-22,61.06406,39.605759,
2002-11-25,61.10331,39.532135,
2002-11-26,59.939774,40.029266,
2002-11-27,61.626221,39.127052,
2002-11-29,61.430096,39.380238,
2002-12-02,61.528179,39.416748,
2002-12-03,60.70459,39.472229,
2002-12-04,60.43005,39.675697,
2002-12-05,59.763332,39.777416,
2002-12-06,60.155514,39.846817,
2002-12-09,58.501766,40.068798,
2002-12-10,59.286133,40.175133,
2002-12-11,59.338417,40.443344,
2002-12-12,59.331917,40.406353,
2002-12-13,58.397202,40.013306,
2002-12-16,59.907127,39.712734,
2002-12-17,59.384193,39.712734,
2002-12-18,58.697876,40.022522,
2002-12-19,58.279522,40.378605,
2002-12-20,59.111115,40.406353,
2002-12-23,59.130821,40.4156,
2002-12-24,58.690693,40.642162,
2002-12-26,58.716988,40.72081,
2002-12-27,57.396725,41.169346,
2002-12-30,57.876228,41.266445,
2002-12-31,57.955017,41.16235,
2003-01-02,59.820541,40.098072,
2003-01-03,60.004463,40.191036,
2003-01-06,61.062027,40.084141,
2003-01-07,60.910923,40.228207,
2003-01-08,60.030735,40.428028,
2003-01-09,60.963478,39.651913,
2003-01-10,61.127686,39.754169,
2003-01-13,61.107998,39.819225,
2003-01-14,61.305031,39.958672,
2003-01-15,60.69416,40.153847,
2003-01-16,60.444565,40.209602,
2003-01-17,59.55122,40.409454,
2003-01-21,58.625008,40.641846,
2003-01-22,57.915646,40.84166,
2003-01-23,58.270344,40.641846,
2003-01-24,56.739799,40.883514,
2003-01-27,55.964752,40.734779,
2003-01-28,56.378571,40.734779,
2003-01-29,56.805531,40.511669,
2003-01-30,55.458939,40.813778,
2003-01-31,56.529663,40.925331,
2003-02-03,56.641304,40.985004,
2003-02-04,56.08297,41.166893,
2003-02-05,55.73484,40.812447,
2003-02-06,55.472076,41.143589,
2003-02-07,54.795528,41.236858,
2003-02-10,55.183071,40.947689,
2003-02-11,54.802101,40.938374,
2003-02-12,53.928478,41.082932,
2003-02-13,54.092674,41.306808,
2003-02-14,55.275017,40.952374,
2003-02-18,56.247185,41.003666,
2003-02-19,55.951599,41.283504,
2003-02-20,55.393253,41.42342,
2003-02-21,55.951599,41.180897,
2003-02-24,55.045128,41.376789,
2003-02-25,55.485229,41.567986,
2003-02-26,54.677311,41.857136,
2003-02-27,55.399837,41.927097,
2003-02-28,55.767685,42.192921,
2003-03-03,55.235653,42.244404,
2003-03-04,54.355415,42.272484,
2003-03-05,54.815247,42.412964,
2003-03-06,54.355415,42.249062,
2003-03-07,54.729828,42.394234,
2003-03-10,53.416134,42.614265,
2003-03-11,52.890602,42.539379,
2003-03-12,53.245316,42.693802,
2003-03-13,55.084541,41.907364,
2003-03-14,55.261906,42.113338,
2003-03-17,57.002594,41.607746,
2003-03-18,57.337582,41.214539,
2003-03-19,57.777676,40.910244,
2003-03-20,57.902481,40.844692,
2003-03-21,59.138435,40.282967,
2003-03-24,57.173061,40.919594,
2003-03-25,57.720497,40.872765,
2003-03-26,57.430294,40.957058,
2003-03-27,57.47644,40.98513,
2003-03-28,57.186264,41.078758,
2003-03-31,55.887024,41.617126,
2003-04-01,56.744389,41.498631,
2003-04-02,58.11615,41.066128,
2003-04-03,57.839157,41.042618,
2003-04-04,58.182106,40.925072,
2003-04-07,58.07,40.831081,
2003-04-08,58.162354,41.16013,
2003-04-09,57.397308,41.282387,
2003-04-10,57.713867,41.089645,
2003-04-11,57.47644,41.023857,
2003-04-14,58.663532,40.911003,
2003-04-15,59.210957,41.131958,
2003-04-16,58.201904,41.301174,
2003-04-17,59.065872,41.367035,
2003-04-21,59.125217,41.277676,
2003-04-22,60.239777,41.254173,
2003-04-23,60.793793,41.338802,
2003-04-24,60.252972,41.710232,
2003-04-25,59.507759,41.804214,
2003-04-28,60.536579,41.738415,
2003-04-29,60.747604,41.667885,
2003-04-30,60.615696,42.053387,
2003-05-01,60.609123,42.073696,
2003-05-02,61.473057,41.742878,
2003-05-05,61.354362,41.965038,
2003-05-06,61.934742,42.172993,
2003-05-07,61.591805,42.664497,
2003-05-08,60.971848,42.768501,
2003-05-09,61.816051,42.811039,
2003-05-12,62.574463,43.080444,
2003-05-13,62.462353,43.174965,
2003-05-14,62.330467,43.836643,
2003-05-15,62.726154,43.97369,
2003-05-16,62.567844,44.295124,
2003-05-19,61.103767,44.143898,
2003-05-20,60.978443,44.796055,
2003-05-21,61.103767,44.791344,
2003-05-22,61.710529,45.188362,
2003-05-23,61.835796,45.301792,
2003-05-27,62.917389,44.484123,
2003-05-28,63.095467,44.408527,
2003-05-29,62.930614,44.796055,
2003-05-30,63.939655,44.710987,
2003-06-02,64.203468,44.382565,
2003-06-03,64.467262,44.738506,
2003-06-04,65.397163,44.871445,
2003-06-05,65.720337,44.520214,
2003-06-06,65.463142,44.681564,
2003-06-09,64.797005,44.980621,
2003-06-10,65.456543,45.516903,
2003-06-11,66.149025,45.459991,
2003-06-12,66.353447,45.81599,
2003-06-13,65.660965,46.124496,
2003-06-16,67.045959,45.687817,
2003-06-17,67.045959,45.327106,
2003-06-18,66.986595,44.748043,
2003-06-19,65.964348,44.662617,
2003-06-20,65.818748,44.49651,
2003-06-23,65.143608,44.762291,
2003-06-24,65.209816,45.175213,
2003-06-25,64.55452,44.453739,
2003-06-26,65.395119,43.855732,
2003-06-27,64.640602,43.699093,
2003-06-30,64.620689,43.903221,
2003-07-01,65.216431,43.685444,
2003-07-02,66.037178,43.795044,
2003-07-03,65.355446,43.166149,
2003-07-07,66.652733,42.889782,
2003-07-08,66.9506,42.927898,
2003-07-09,66.573341,43.066074,
2003-07-10,65.726059,43.051762,
2003-07-11,66.348228,43.256638,
2003-07-14,66.6726,42.761162,
2003-07-15,66.526985,41.760635,
2003-07-16,66.136459,41.998867,
2003-07-17,65.196564,41.870193,
2003-07-18,65.865067,41.784409,
2003-07-21,65.050949,40.898212,
2003-07-22,65.640022,41.098351,
2003-07-23,65.68634,41.236542,
2003-07-24,65.189903,40.874413,
2003-07-25,66.341652,40.764816,
2003-07-28,66.096725,40.216949,
2003-07-29,65.792282,39.669018,
2003-07-30,65.633408,40.116856,
2003-07-31,65.785637,39.521305,
2003-08-01,65.203201,39.491653,
2003-08-04,65.203201,39.831463,
2003-08-05,63.819798,39.261871,
2003-08-06,64.190468,40.037262,
2003-08-07,64.865616,40.204792,
2003-08-08,65.050949,40.042034,
2003-08-11,65.295853,39.841026,
2003-08-12,65.891548,39.654388,
2003-08-13,65.554008,38.888546,
2003-08-14,65.732689,39.271454,
2003-08-15,65.937897,39.24754,
2003-08-18,66.507118,39.429394,
2003-08-19,66.758621,40.037262,
2003-08-20,66.487267,39.821877,
2003-08-21,66.699097,39.726154,
2003-08-22,66.037178,39.903236,
2003-08-25,66.143074,39.592167,
2003-08-26,66.262192,39.903236,
2003-08-27,66.282074,39.721367,
2003-08-28,66.692451,40.132996,
2003-08-29,67.142548,40.037262,
2003-09-02,68.042671,39.45171,
2003-09-03,68.413361,39.51421,
2003-09-04,68.446465,39.73534,
2003-09-05,68.062569,40.418037,
2003-09-08,68.625168,39.999767,
2003-09-09,68.175087,40.288242,
2003-09-10,67.486725,40.696896,
2003-09-11,67.685272,40.432438,
2003-09-12,67.811012,40.7113,
2003-09-15,67.572754,40.64883,
2003-09-16,68.558968,40.586269,
2003-09-17,68.426628,41.091122,
2003-09-18,69.234123,41.119965,
2003-09-19,68.881973,41.168037,
2003-09-22,68.137794,40.84111,
2003-09-23,68.396927,41.119965,
2003-09-24,67.180992,41.475723,
2003-09-25,66.629509,41.682434,
2003-09-26,66.410294,42.057446,
2003-09-29,67.061417,41.720932,
2003-09-30,66.410294,42.413223,
2003-10-01,67.8255,42.252453,
2003-10-02,68.071358,42.059338,
2003-10-03,68.695923,41.175854,
2003-10-06,69.008209,41.354507,
2003-10-07,69.273964,40.876545,
2003-10-08,69.101227,40.866905,
2003-10-09,69.287247,40.577274,
2003-10-10,69.47995,40.818638,
2003-10-13,69.699203,40.659271,
2003-10-14,69.945068,40.37928,
2003-10-15,69.759003,40.181355,
2003-10-16,70.038063,40.02206,
2003-10-17,69.273964,40.330986,
2003-10-20,69.792274,40.466194,
2003-10-21,69.672661,40.615829,
2003-10-22,68.795578,41.011738,
2003-10-23,68.669334,40.712406,
2003-10-24,68.822136,41.166225,
2003-10-27,68.855377,41.084133,
2003-10-28,69.792274,41.301411,
2003-10-29,69.885239,40.929661,
2003-10-30,70.031441,40.746185,
2003-10-31,69.964989,41.127575,
2003-11-03,70.423447,40.932735,
2003-11-04,70.27063,41.165401,
2003-11-05,70.323761,40.884251,
2003-11-06,70.695862,40.501282,
2003-11-07,70.170952,40.477058,
2003-11-10,69.885239,40.443089,
2003-11-11,69.865326,40.447983,
2003-11-12,70.649361,40.743706,
2003-11-13,70.669281,41.373848,
2003-11-14,70.071304,41.65015,
2003-11-17,69.71917,41.7132,
2003-11-18,68.994926,41.970093,
2003-11-19,69.579605,41.504719,
2003-11-20,68.955063,41.907101,
2003-11-21,69.240746,41.931301,
2003-11-24,70.157692,41.587101,
2003-11-25,70.423447,41.81496,
2003-11-26,70.675911,41.645306,
2003-11-28,70.729065,41.267216,
2003-12-01,71.493202,41.037266,
2003-12-02,71.313789,41.212635,
2003-12-03,71.200844,41.047028,
2003-12-04,71.493202,41.139557,
2003-12-05,70.994865,41.797195,
2003-12-08,71.473259,41.504921,
2003-12-09,70.921783,41.212635,
2003-12-10,70.915154,41.280857,
2003-12-11,71.712463,41.577995,
2003-12-12,71.851997,41.655956,
2003-12-15,71.493202,41.631588,
2003-12-16,71.865273,41.767986,
2003-12-17,72.091171,42.050545,
2003-12-18,72.901817,42.430492,
2003-12-19,72.698875,42.415905,
2003-12-22,73.20623,42.298965,
2003-12-23,73.252975,41.821579,
2003-12-24,73.179504,42.216183,
2003-12-26,73.232903,42.372044,
2003-12-29,74.20755,41.992077,
2003-12-30,74.220932,41.821579,
2003-12-31,74.287712,41.821571,
2004-01-02,74.254295,41.327232,
2004-01-05,75.062065,41.219601,
2004-01-06,75.135513,41.67474,
2004-01-07,75.389183,41.841129,
2004-01-08,75.689575,41.826488,
2004-01-09,75.028671,42.555717,
2004-01-12,75.582764,42.521427,
2004-01-13,75.142174,42.810234,
2004-01-14,75.769699,43.020672,
2004-01-15,75.956589,43.182198,
2004-01-16,76.257011,42.878719,
2004-01-20,76.237,42.86895,
2004-01-21,76.837822,42.971725,
2004-01-22,76.637558,43.284935,
2004-01-23,76.390564,42.766174,
2004-01-26,77.351822,42.506756,
2004-01-27,76.557434,42.771034,
2004-01-28,75.682907,42.394218,
2004-01-29,75.756348,42.306087,
2004-01-30,75.756348,42.599792,
2004-02-02,76.08345,42.510315,
2004-02-03,75.956589,42.726578,
2004-02-04,75.33577,42.643024,
2004-02-05,75.556061,42.475925,
2004-02-06,76.4039,42.942787,
2004-02-09,76.423927,43.070576,
2004-02-10,76.670914,42.829792,
2004-02-11,77.485336,43.149185,
2004-02-12,77.205009,42.967373,
2004-02-13,76.857819,43.149185,
2004-02-17,77.552094,43.119709,
2004-02-18,77.21167,43.178669,
2004-02-19,76.924606,43.222931,
2004-02-20,76.690964,42.923141,
2004-02-23,76.497322,43.188503,
2004-02-24,76.363853,43.267139,
2004-02-25,76.68428,43.335968,
2004-02-26,76.73098,43.198357,
2004-02-27,76.784393,43.571835,
2004-03-01,77.545441,43.555065,
2004-03-02,77.091499,43.278778,
2004-03-03,77.231674,43.199787,
2004-03-04,77.431969,43.392235,
2004-03-05,77.692322,44.231056,
2004-03-08,76.744354,44.492569,
2004-03-09,76.437279,44.788631,
2004-03-10,75.155518,44.759048,
2004-03-11,74.180901,44.823174,
2004-03-12,75.155518,44.546867,
2004-03-15,74.234283,44.620865,
2004-03-16,74.628166,44.990936,
2004-03-17,75.462608,44.916927,
2004-03-18,75.482635,44.680096,
2004-03-19,74.400703,44.620865,
2004-03-22,73.456154,44.892303,
2004-03-23,73.328835,44.971195,
2004-03-24,73.389175,44.946526,
2004-03-25,74.360527,44.773804,
2004-03-26,74.380608,44.300121,
2004-03-29,75.425667,44.004116,
2004-03-30,75.68026,43.974476,
2004-03-31,75.767349,44.186634,
2004-04-01,76.222916,44.042011,
2004-04-02,76.799026,42.952263,
2004-04-05,77.221054,42.615372,
2004-04-06,76.97319,42.848194,
2004-04-07,76.792343,42.749138,
2004-04-08,76.618141,42.625313,
2004-04-12,76.919586,42.471748,
2004-04-13,75.841042,42.011066,
2004-04-14,75.961594,41.976357,
2004-04-15,75.673546,41.728706,
2004-04-16,76.256386,41.887222,
2004-04-19,76.256386,41.798046,
2004-04-20,74.976875,41.416649,
2004-04-21,75.479279,41.619732,
2004-04-22,76.537781,41.867386,
2004-04-23,76.611465,41.629627,
2004-04-26,76.504265,41.698986,
2004-04-27,76.571266,41.857498,
2004-04-28,75.579758,41.466133,
2004-04-29,74.91655,41.263073,
2004-04-30,74.33374,41.431503,
2004-05-03,75.13092,41.4837,
2004-05-04,75.070648,41.200256,
2004-05-05,75.552971,41.085873,
2004-05-06,74.903175,40.976456,
2004-05-07,73.663811,40.439407,
2004-05-10,72.906815,40.344929,
2004-05-11,73.523148,40.528927,
2004-05-12,73.992088,40.260391,
2004-05-13,73.683899,40.106224,
2004-05-14,73.717422,40.434441,
2004-05-17,73.087685,40.792458,
2004-05-18,73.456154,40.633358,
2004-05-19,73.201584,40.499081,
2004-05-20,73.436073,40.81237,
2004-05-21,73.563324,40.648277,
2004-05-24,73.871498,40.777531,
2004-05-25,74.929985,40.896915,
2004-05-26,75.191193,41.11573,
2004-05-27,75.613281,41.43895,
2004-05-28,75.60659,41.324566,
2004-06-01,75.506081,40.946148,
2004-06-02,75.787445,40.841335,
2004-06-03,75.090752,40.926174,
2004-06-04,75.686981,40.686573,
2004-06-07,76.839195,40.696571,
2004-06-08,76.946411,40.771431,
2004-06-09,76.229622,40.596706,
2004-06-10,76.604752,40.676571,
2004-06-14,75.847755,40.352085,
2004-06-15,76.383667,41.205765,
2004-06-16,76.37027,41.046036,
2004-06-17,76.256386,41.315548,
2004-06-18,76.400284,41.225742,
2004-06-21,76.111168,41.25568,
2004-06-22,76.4944,41.130859,
2004-06-23,77.153305,41.210743,
2004-06-24,76.911278,41.460373,
2004-06-25,76.541489,41.500301,
2004-06-28,76.279221,41.07597,
2004-06-29,76.59523,41.335564,
2004-06-30,77.005386,41.759888,
2004-07-01,75.936356,41.838089,
2004-07-02,75.896011,42.279171,
2004-07-06,75.23037,42.209023,
2004-07-07,75.452232,42.224045,
2004-07-08,74.927841,42.249081,
2004-07-09,75.12278,42.294209,
2004-07-12,75.156425,42.35437,
2004-07-13,75.210197,42.22905,
2004-07-14,74.981598,42.24411,
2004-07-15,74.497498,42.2892,
2004-07-16,74.436996,42.850574,
2004-07-19,74.121002,42.880669,
2004-07-20,75.062256,42.494686,
2004-07-21,73.677193,42.379448,
2004-07-22,73.878883,42.439556,
2004-07-23,73.26033,42.579926,
2004-07-26,73.119171,42.379448,
2004-07-27,73.80497,41.808037,
2004-07-28,74.026863,41.813034,
2004-07-29,74.342873,41.908249,
2004-07-30,74.524391,42.399498,
2004-08-02,74.679039,42.454826,
2004-08-03,74.100838,42.625889,
2004-08-04,74.094055,42.646023,
2004-08-05,72.88382,42.7668,
2004-08-06,71.841667,43.486378,
2004-08-09,71.942513,43.335419,
2004-08-10,72.870407,43.179443,
2004-08-11,72.722458,43.365597,
2004-08-12,71.929115,43.456188,
2004-08-13,72.070274,43.597103,
2004-08-16,72.816589,43.446114,
2004-08-17,73.226738,43.692707,
2004-08-18,73.979782,43.481369,
2004-08-19,73.764626,43.58704,
2004-08-20,74.282341,43.546753,
2004-08-23,74.094055,43.295151,
2004-08-24,74.194923,43.320347,
2004-08-25,74.699211,43.471302,
2004-08-26,74.699211,43.717869,
2004-08-27,74.934525,43.687698,
2004-08-30,74.315971,43.893993,
2004-08-31,74.705925,44.165691,
2004-09-01,74.847122,44.211151,
2004-09-02,75.694328,43.776714,
2004-09-03,75.385025,43.781754,
2004-09-07,75.882561,43.73629,
2004-09-08,75.694328,44.105042,
2004-09-09,75.62706,43.938358,
2004-09-10,76.017029,44.004021,
2004-09-13,76.265808,44.19598,
2004-09-14,76.420471,44.241501,
2004-09-15,75.842224,44.140438,
2004-09-16,76.070847,44.640625,
2004-09-17,76.394241,44.418343,
2004-09-20,75.935112,44.711327,
2004-09-21,76.265968,44.842724,
2004-09-22,75.31398,45.307465,
2004-09-23,74.908867,45.12561,
2004-09-24,75.253197,45.181164,
2004-09-27,74.773857,45.378204,
2004-09-28,75.131691,45.196354,
2004-09-29,75.509789,44.756786,
2004-09-30,75.45575,44.585045,
2004-10-01,76.731834,44.362312,
2004-10-04,76.860115,44.42828,
2004-10-05,76.900597,44.42828,
2004-10-06,77.427231,44.225365,
2004-10-07,76.596764,44.032555,
2004-10-08,75.962135,44.615955,
2004-10-11,76.272705,44.661644,
2004-10-12,75.975601,44.763069,
2004-10-13,75.307251,44.925446,
2004-10-14,74.699593,45.13847,
2004-10-15,75.118172,44.981213,
2004-10-18,75.401718,45.001507,
2004-10-19,74.767082,45.118206,
2004-10-20,74.618553,45.427612,
2004-10-21,75.104675,45.458088,
2004-10-22,74.260727,45.564587,
2004-10-25,74.172966,45.600098,
2004-10-26,75.307251,45.463158,
2004-10-27,76.211937,45.016716,
2004-10-28,76.441498,45.163857,
2004-10-29,76.427963,45.371826,
2004-11-01,76.637314,45.089622,
2004-11-02,76.664291,45.155838,
2004-11-03,77.629791,45.176216,
2004-11-04,78.689766,45.222073,
2004-11-05,79.182617,44.727989,
2004-11-08,79.067863,44.570042,
2004-11-09,78.912575,44.544598,
2004-11-10,78.973351,44.376514,
2004-11-11,79.574249,44.279716,
2004-11-12,80.202141,44.758522,
2004-11-15,80.399193,44.799278,
2004-11-16,79.823608,44.799278,
2004-11-17,80.2976,45.181355,
2004-11-18,80.40596,45.318874,
2004-11-19,79.512062,44.957226,
2004-11-22,79.891296,45.191498,
2004-11-23,80.013229,45.24752,
2004-11-24,80.202774,45.24752,
2004-11-26,80.141853,44.952129,
2004-11-29,79.776176,44.47327,
2004-11-30,79.83036,44.28484,
2004-12-01,80.737778,44.215786,
2004-12-02,80.805458,44.036724,
2004-12-03,80.751305,44.722118,
2004-12-06,80.724205,44.875576,
2004-12-07,79.972542,44.931835,
2004-12-08,80.439812,45.632534,
2004-12-09,80.724205,45.330795,
2004-12-10,80.805458,45.443306,
2004-12-13,81.509712,45.540474,
2004-12-14,81.794098,45.719482,
2004-12-15,81.855064,46.133762,
2004-12-16,81.807671,45.453495,
2004-12-17,81.262009,45.39212,
2004-12-20,81.28244,45.473972,
2004-12-21,81.908348,45.612076,
2004-12-22,82.105637,45.45863,
2004-12-23,82.166862,45.310287,
2004-12-27,81.996803,44.95739,
2004-12-28,82.445831,44.921574,
2004-12-29,82.568314,44.875576,
2004-12-30,82.411812,45.177292,
2004-12-31,82.234909,45.462296,
2005-01-03,81.847137,45.559795,
2005-01-04,80.846985,45.082352,
2005-01-05,80.289131,45.323654,
2005-01-06,80.697334,45.354465,
2005-01-07,80.581657,45.457134,
2005-01-10,80.962662,45.529022,
2005-01-11,80.404793,45.795986,
2005-01-12,80.670128,45.85762,
2005-01-13,80.023758,46.299126,
2005-01-14,80.445587,46.293987,
2005-01-18,81.28244,46.448009,
2005-01-19,80.432007,46.581486,
2005-01-20,79.942139,46.673904,
2005-01-21,79.452232,46.725292,
2005-01-24,79.295815,46.925495,
2005-01-25,79.520279,46.483978,
2005-01-26,79.758423,46.571228,
2005-01-27,79.894516,46.483978,
2005-01-28,79.894516,46.951122,
2005-01-31,80.391159,47.084633,
2005-02-01,80.901466,47.009945,
2005-02-02,81.14637,47.118164,
2005-02-03,80.935455,47.092377,
2005-02-04,81.799515,47.746857,
2005-02-07,81.690651,48.102428,
2005-02-08,81.785927,48.375603,
2005-02-09,81.173546,48.504433,
2005-02-10,81.466133,47.849945,
2005-02-11,82.166862,47.819023,
2005-02-14,82.105637,47.968456,
2005-02-15,82.411812,47.726238,
2005-02-16,82.466248,47.545864,
2005-02-17,81.799515,47.246979,
2005-02-18,81.908348,46.824398,
2005-02-22,80.690498,46.618248,
2005-02-23,81.268814,46.772869,
2005-02-24,81.806297,46.669777,
2005-02-25,82.615936,46.896564,
2005-02-28,82.071625,46.391491,
2005-03-01,82.479828,46.377026,
2005-03-02,82.439041,46.31501,
2005-03-03,82.473038,46.289139,
2005-03-04,83.500435,46.790581,
2005-03-07,83.541229,46.976711,
2005-03-08,83.228249,46.532146,
2005-03-09,82.302979,45.772163,
2005-03-10,82.486687,46.051357,
2005-03-11,81.908348,45.715324,
2005-03-14,82.418625,45.989292,
2005-03-15,81.738304,45.69981,
2005-03-16,81.044319,45.978947,
2005-03-17,81.207581,46.128906,
2005-03-18,80.966484,45.839405,
2005-03-21,80.665924,45.710148,
2005-03-22,79.846321,45.32243,
2005-03-23,79.914589,45.539532,
2005-03-24,80.010231,45.63258,
2005-03-28,80.12635,45.35342,
2005-03-29,79.593567,45.622238,
2005-03-30,80.720566,45.849701,
2005-03-31,80.570312,46.180576,
2005-04-01,80.208328,46.336239,
2005-04-04,80.344902,46.32584,
2005-04-05,80.727417,46.206528,
2005-04-06,81.007454,46.367367,
2005-04-07,81.444611,45.993801,
2005-04-08,80.597618,46.154636,
2005-04-11,80.659103,46.403698,
2005-04-12,81.075768,46.834373,
2005-04-13,80.119522,46.720226,
2005-04-14,79.074448,46.647579,
2005-04-15,77.967979,47.265041,
2005-04-18,78.207047,47.22876,
2005-04-19,78.828568,47.685329,
2005-04-20,77.728897,47.565987,
2005-04-21,79.238419,47.067894,
2005-04-22,78.937881,47.462234,
2005-04-25,79.457001,47.602299,
2005-04-26,78.685173,47.529663,
2005-04-27,78.9925,47.695736,
2005-04-28,78.002129,48.048561,
2005-04-29,79.060829,47.965496,
2005-05-02,79.504791,47.955112,
2005-05-03,79.641403,48.08532,
2005-05-04,80.256111,47.663525,
2005-05-05,80.228798,47.772831,
2005-05-06,79.976089,47.418755,
2005-05-09,80.474701,47.46566,
2005-05-10,79.641403,47.804134,
2005-05-11,80.078545,47.949921,
2005-05-12,79.197418,48.137337,
2005-05-13,79.040321,48.324844,
2005-05-16,79.777992,48.267597,
2005-05-17,80.310768,48.40295,
2005-05-18,81.137245,48.7258,
2005-05-19,81.47876,48.600864,
2005-05-20,81.362625,48.658123,
2005-05-23,81.813438,49.038265,
2005-05-24,81.622154,49.173695,
2005-05-25,81.56073,48.829987,
2005-05-26,81.997879,48.814358,
2005-05-27,82.134491,48.866428,
2005-05-31,81.608528,49.470486,
2005-06-01,82.305206,50.076225,
2005-06-02,82.482857,50.196434,
2005-06-03,82.066147,49.78355,
2005-06-06,81.991013,50.044888,
2005-06-07,82.052505,50.442112,
2005-06-08,81.902229,50.201706,
2005-06-09,82.291557,50.159874,
2005-06-10,82.100296,49.59539,
2005-06-13,82.359879,49.297527,
2005-06-14,82.551079,48.973434,
2005-06-15,82.708191,49.062267,
2005-06-16,82.919975,49.307945,
2005-06-17,83.227173,49.302704,
2005-06-20,83.254646,49.219063,
2005-06-21,83.302605,49.579739,
2005-06-22,83.371201,50.180759,
2005-06-23,82.198479,50.128513,
2005-06-24,81.595009,50.37941,
2005-06-27,81.711594,50.515282,
2005-06-28,82.397377,50.170326,
2005-06-29,82.177933,50.091915,
2005-06-30,81.732185,50.541412,
2005-07-01,81.972198,49.928837,
2005-07-05,82.630524,49.456829,
2005-07-06,81.937881,49.729546,
2005-07-07,82.260216,49.834431,
2005-07-08,83.19973,49.629875,
2005-07-11,83.624985,49.629875,
2005-07-12,83.844391,49.351917,
2005-07-13,83.960968,49.278473,
2005-07-14,84.290154,49.152622,
2005-07-15,84.242126,49.283714,
2005-07-18,83.90612,48.916649,
2005-07-19,84.365601,49.089664,
2005-07-20,84.653618,49.357197,
2005-07-21,84.159859,48.685837,
2005-07-22,84.722221,49.063461,
2005-07-25,84.48217,48.885189,
2005-07-26,84.585022,48.963825,
2005-07-27,84.893654,48.885189,
2005-07-28,85.428566,49.320477,
2005-07-29,84.859344,48.832718,
2005-08-01,84.7976,48.651073,
2005-08-02,85.305115,48.493179,
2005-08-03,85.531403,48.730045,
2005-08-04,84.84565,48.630085,
2005-08-05,84.269577,48.251049,
2005-08-08,84.111839,48.161522,
2005-08-09,84.619316,48.340527,
2005-08-10,84.578194,48.287857,
2005-08-11,84.914215,48.624786,
2005-08-12,84.393013,49.119591,
2005-08-15,84.914215,48.993286,
2005-08-16,83.810097,49.335457,
2005-08-17,83.803253,49.009083,
2005-08-18,83.796387,49.372303,
2005-08-19,83.988403,49.367016,
2005-08-22,83.988403,49.314426,
2005-08-23,83.83065,49.540749,
2005-08-24,83.083183,49.58815,
2005-08-25,83.384918,49.746029,
2005-08-26,82.815765,49.730247,
2005-08-29,83.453484,49.793442,
2005-08-30,83.014595,50.109276,
2005-08-31,84.06382,50.530407,
2005-09-01,84.002106,50.226097,
2005-09-02,83.851242,50.268383,
2005-09-06,84.831924,49.914482,
2005-09-07,84.975929,49.444271,
2005-09-08,84.694756,49.497147,
2005-09-09,85.449142,49.655602,
2005-09-12,85.277672,49.312252,
2005-09-13,84.804512,49.571098,
2005-09-14,84.495895,49.380932,
2005-09-15,84.454727,48.974197,
2005-09-16,85.055298,48.651924,
2005-09-19,84.772934,48.757565,
2005-09-20,84.056664,48.88435,
2005-09-21,83.271545,49.338665,
2005-09-22,83.56768,49.291107,
2005-09-23,83.636574,48.921371,
2005-09-26,83.732964,48.699478,
2005-09-27,83.712364,48.768169,
2005-09-28,83.794945,49.095669,
2005-09-29,84.476784,48.873798,
2005-09-30,84.73851,48.704762,
2005-10-03,84.435448,48.32402,
2005-10-04,83.485077,48.483105,
2005-10-05,82.390022,48.695229,
2005-10-06,82.093857,48.509605,
2005-10-07,82.376236,48.705818,
2005-10-10,81.680618,48.673981,
2005-10-11,81.563545,48.573208,
2005-10-12,80.923065,48.1012,
2005-10-13,80.87484,47.926254,
2005-10-14,81.728836,47.851994,
2005-10-17,82.031845,47.841423,
2005-10-18,81.143433,47.894428,
2005-10-19,82.49334,47.915607,
2005-10-20,81.040108,48.0429,
2005-10-21,81.356949,48.488388,
2005-10-24,82.617279,48.111824,
2005-10-25,82.451981,47.698189,
2005-10-26,82.210922,47.348164,
2005-10-27,81.336273,47.51791,
2005-10-28,82.507065,47.523186,
2005-10-31,82.73436,47.613323,
2005-11-01,82.982262,47.558472,
2005-11-02,83.850067,47.334709,
2005-11-03,84.208168,47.015152,
2005-11-04,84.098,46.940552,
2005-11-07,84.180641,47.100384,
2005-11-08,84.180641,47.558472,
2005-11-09,84.290855,47.068405,
2005-11-10,84.945084,47.643726,
2005-11-11,85.234398,47.670341,
2005-11-14,85.186172,47.313435,
2005-11-15,84.876213,47.622402,
2005-11-16,85.048393,48.123077,
2005-11-17,85.840424,48.240314,
2005-11-18,86.177872,48.01656,
2005-11-21,86.611778,48.160423,
2005-11-22,86.983696,48.224342,
2005-11-23,87.486397,48.037865,
2005-11-25,87.555336,48.213692,
2005-11-28,86.935463,48.453373,
2005-11-29,86.83905,47.995319,
2005-11-30,86.370728,47.942024,
2005-12-01,87.252281,47.867096,
2005-12-02,87.362427,47.883141,
2005-12-05,87.176476,47.669151,
2005-12-06,87.341789,48.156044,
2005-12-07,86.83213,47.974087,
2005-12-08,86.777046,48.284401,
2005-12-09,87.004349,47.904533,
2005-12-12,87.08696,47.81358,
2005-12-13,87.679283,47.990158,
2005-12-14,88.023605,48.482353,
2005-12-15,87.768814,48.364666,
2005-12-16,87.486282,48.525166,
2005-12-19,87.036263,48.573345,
2005-12-20,87.11937,48.514496,
2005-12-21,87.257858,48.428837,
2005-12-22,87.714783,48.814041,
2005-12-23,87.76326,49.113678,
2005-12-27,86.870125,49.514923,
2005-12-28,87.063988,49.376854,
2005-12-29,86.676239,49.484329,
2005-12-30,86.205437,49.37149,
2006-01-03,87.721725,49.306973,
2006-01-04,88.137131,49.425228,
2006-01-05,88.192513,49.366123,
2006-01-06,88.926422,49.274792,
2006-01-09,89.154907,49.306973,
2006-01-10,89.244911,48.909439,
2006-01-11,89.528778,48.828861,
2006-01-12,89.175682,49.15662,
2006-01-13,89.092575,49.441364,
2006-01-17,88.850273,49.661572,
2006-01-18,88.497177,49.645493,
2006-01-19,88.836426,49.500427,
2006-01-20,87.216286,49.629375,
2006-01-23,87.527847,49.613247,
2006-01-24,87.617851,49.37149,
2006-01-25,87.694031,48.834263,
2006-01-26,88.178658,48.624725,
2006-01-27,88.995659,48.624725,
2006-01-30,88.926422,48.576374,
2006-01-31,88.275612,48.710693,
2006-02-01,88.891808,48.544086,
2006-02-02,87.860176,48.635754,
2006-02-03,87.424034,48.980812,
2006-02-06,87.652489,49.077824,
2006-02-07,86.877029,48.846008,
2006-02-08,87.666336,48.732792,
2006-02-09,87.520912,48.953835,
2006-02-10,87.680153,48.684307,
2006-02-13,87.520912,48.689648,
2006-02-14,88.448685,48.517136,
2006-02-15,88.760246,48.635754,
2006-02-16,89.424911,48.64653,
2006-02-17,89.182602,49.034718,
2006-02-21,88.961037,48.953835,
2006-02-22,89.50106,49.288136,
2006-02-23,89.36953,49.164112,
2006-02-24,89.598015,49.088612,
2006-02-27,89.632599,49.007759,
2006-02-28,88.781021,49.250374,
2006-03-01,89.570312,48.95282,
2006-03-02,89.563377,48.611969,
2006-03-03,89.147972,48.330631,
2006-03-06,88.739479,47.908607,
2006-03-07,88.601021,47.941051,
2006-03-08,88.787979,47.92485,
2006-03-09,88.192513,47.941051,
2006-03-10,89.030281,47.762531,
2006-03-13,89.196411,47.724636,
2006-03-14,90.131088,48.043869,
2006-03-15,90.532677,47.78418,
2006-03-16,90.719612,48.217003,
2006-03-17,90.795387,48.070877,
2006-03-20,90.649437,48.146683,
2006-03-21,90.079414,47.897797,
2006-03-22,90.628571,48.000607,
2006-03-23,90.44088,47.849125,
2006-03-24,90.510384,48.200768,
2006-03-27,90.378326,48.022224,
2006-03-28,89.82225,47.573147,
2006-03-29,90.385262,47.345921,
2006-03-30,90.225388,47.015888,
2006-03-31,90.246262,46.999668,
2006-04-03,90.176758,47.014931,
2006-04-04,90.753693,46.965992,
2006-04-05,91.066498,47.031151,
2006-04-06,90.969154,46.672745,
2006-04-07,90.044662,46.21656,
2006-04-10,90.183678,46.303444,
2006-04-11,89.419098,46.46637,
2006-04-12,89.58593,46.183933,
2006-04-13,89.467743,45.858101,
2006-04-17,89.432953,46.026463,
2006-04-18,90.85099,46.107941,
2006-04-19,91.024788,45.825554,
2006-04-20,91.149895,45.78751,
2006-04-21,91.16378,46.053616,
2006-04-24,90.996994,46.238255,
2006-04-25,90.621597,45.689747,
2006-04-26,90.642456,45.613758,
2006-04-27,91.080391,45.673466,
2006-04-28,91.38623,45.706039,
2006-05-01,90.642456,45.362556,
2006-05-02,91.323654,45.482491,
2006-05-03,90.983063,45.384377,
2006-05-04,91.309753,45.30801,
2006-05-05,92.116089,45.580624,
2006-05-08,92.004868,45.607906,
2006-05-09,92.1856,45.580624,
2006-05-10,92.136971,45.662411,
2006-05-11,91.024788,45.438873,
2006-05-12,89.836136,45.062683,
2006-05-15,90.016876,45.242596,
2006-05-16,89.884811,45.580624,
2006-05-17,88.174797,45.297131,
2006-05-18,87.729942,45.913239,
2006-05-19,88.348618,46.033165,
2006-05-22,87.674332,46.131329,
2006-05-23,87.007042,46.10405,
2006-05-24,87.702103,46.125874,
2006-05-25,88.786514,45.945957,
2006-05-26,89.23835,45.913239,
2006-05-30,87.653488,45.891407,
2006-05-31,88.633598,45.61879,
2006-06-01,89.481613,45.822445,
2006-06-02,89.669312,46.41362,
2006-06-05,88.362511,46.353413,
2006-06-06,88.147018,46.57233,
2006-06-07,87.486649,46.583328,
2006-06-08,87.410202,46.676399,
2006-06-09,87.132141,46.922707,
2006-06-12,86.186798,46.961029,
2006-06-13,85.185875,46.993839,
2006-06-14,85.846161,46.523094,
2006-06-15,87.667397,46.254887,
2006-06-16,87.02858,46.150875,
2006-06-19,86.344299,46.085217,
2006-06-20,86.63755,46.008545,
2006-06-21,87.279907,46.019497,
2006-06-22,86.895912,45.756771,
2006-06-23,86.881927,45.663662,
2006-06-26,87.265953,45.576099,
2006-06-27,86.511894,45.800529,
2006-06-28,87.098351,45.559681,
2006-06-29,88.857788,45.712955,
2006-06-30,88.864769,46.156361,
2006-07-03,89.227806,46.110737,
2006-07-05,88.71814,45.742558,
2006-07-06,88.976509,46.022808,
2006-07-07,88.39698,46.319565,
2006-07-10,88.564545,46.363499,
2006-07-11,88.955521,46.511902,
2006-07-12,88.006012,46.52285,
2006-07-13,86.574738,46.70422,
2006-07-14,86.239609,46.731674,
2006-07-17,86.11393,46.803165,
2006-07-18,86.553802,46.401978,
2006-07-19,87.754677,46.841583,
2006-07-20,87.154221,46.978977,
2006-07-21,86.539795,46.891075,
2006-07-24,88.117691,46.863567,
2006-07-25,88.431908,46.726192,
2006-07-26,88.550591,46.896542,
2006-07-27,88.466797,46.825134,
2006-07-28,89.353531,47.094383,
2006-07-31,89.262749,47.154797,
2006-08-01,88.822845,47.150391,
2006-08-02,89.423317,47.326969,
2006-08-03,89.660698,47.337982,
2006-08-04,89.507057,47.624905,
2006-08-07,89.297623,47.652477,
2006-08-08,88.955521,47.547672,
2006-08-09,88.655327,47.393177,
2006-08-10,88.92762,47.321438,
2006-08-11,88.676254,47.117279,
2006-08-14,88.746071,47.034565,
2006-08-15,89.807312,47.431828,
2006-08-16,90.554375,47.751827,
2006-08-17,90.784782,47.735245,
2006-08-18,91.24559,47.873173,
2006-08-21,90.854584,48.044239,
2006-08-22,90.847603,48.060764,
2006-08-23,90.596275,48.082817,
2006-08-24,90.519455,48.171143,
2006-08-25,90.63118,48.242828,
2006-08-28,91.064056,48.286972,
2006-08-29,91.1688,48.353188,
2006-08-30,91.224648,48.480049,
2006-08-31,91.210655,48.595924,
2006-09-01,91.755264,48.612579,
2006-09-05,91.929794,48.307896,
2006-09-06,91.119881,48.241447,
2006-09-07,90.700966,48.335587,
2006-09-08,90.959351,48.374363,
2006-09-11,91.050049,48.33007,
2006-09-12,91.943771,48.57378,
2006-09-13,92.313782,48.595924,
2006-09-14,92.320763,48.485157,
2006-09-15,92.537483,48.446373,
2006-09-18,92.663704,48.368839,
2006-09-19,92.432281,48.911671,
2006-09-20,92.923141,48.98373,
2006-09-21,92.47435,49.432388,
2006-09-22,92.193848,49.676079,
2006-09-25,92.902107,50.025078,
2006-09-26,93.673538,49.814522,
2006-09-27,93.785698,49.670525,
2006-09-28,93.750626,49.587486,
2006-09-29,93.673538,49.526554,
2006-10-02,93.322868,49.662216,
2006-10-03,93.519234,49.595497,
2006-10-04,94.613174,49.956989,
2006-10-05,94.795502,49.606606,
2006-10-06,94.676277,49.089386,
2006-10-09,94.732391,49.222858,
2006-10-10,94.858582,48.833614,
2006-10-11,94.746407,48.689018,
2006-10-12,95.566879,48.716824,
2006-10-13,95.812317,48.472141,
2006-10-16,95.959618,48.689018,
2006-10-17,95.658043,48.727932,
2006-10-18,95.784302,48.828018,
2006-10-19,95.938538,48.739067,
2006-10-20,95.959618,48.689018,
2006-10-23,96.401375,48.494358,
2006-10-24,96.688889,48.494358,
2006-10-25,97.018501,48.878048,
2006-10-26,97.320045,49.195065,
2006-10-27,96.709915,49.423084,
2006-10-30,96.639793,49.562122,
2006-10-31,96.625748,49.945866,
2006-11-01,95.973618,50.22221,
2006-11-02,95.917557,50.015636,
2006-11-03,95.749191,49.423874,
2006-11-06,96.829163,49.569012,
2006-11-07,97.200829,49.797894,
2006-11-08,97.411179,49.97657,
2006-11-09,96.899254,49.94865,
2006-11-10,96.941353,50.166397,
2006-11-13,97.179787,50.155182,
2006-11-14,97.909035,50.350609,
2006-11-15,98.189583,50.160774,
2006-11-16,98.442001,49.931915,
2006-11-17,98.470062,50.216614,
2006-11-20,98.526176,50.29483,
2006-11-21,98.624367,50.417568,
2006-11-22,98.820671,50.501347,
2006-11-24,98.420982,50.590672,
2006-11-27,97.067551,50.774895,
2006-11-28,97.488327,50.880974,
2006-11-29,98.505173,50.76371,
2006-11-30,98.547203,51.098675,
2006-12-01,98.329826,51.228718,
2006-12-04,99.080116,51.318352,
2006-12-05,99.507957,51.077385,
2006-12-06,99.423767,50.97654,
2006-12-07,98.989021,50.937313,
2006-12-08,99.171349,50.567455,
2006-12-11,99.458824,50.786015,
2006-12-12,99.381729,50.892452,
2006-12-13,99.4869,50.438591,
2006-12-14,100.36348,50.253685,
2006-12-15,100.372635,50.281693,
2006-12-18,100.097618,50.29847,
2006-12-19,100.288017,50.231262,
2006-12-20,100.231613,50.225632,
2006-12-21,99.864944,50.477825,
2006-12-22,99.251411,50.091125,
2006-12-26,99.836693,50.242432,
2006-12-27,100.492477,49.873035,
2006-12-28,100.280937,49.760612,
2006-12-29,99.864944,49.721214,
2007-01-03,99.688622,50.075504,
2007-01-04,99.900146,50.379063,
2007-01-05,99.103325,50.15979,
2007-01-08,99.561707,50.249725,
2007-01-09,99.477051,50.249725,
2007-01-10,99.808502,50.024879,
2007-01-11,100.245682,49.73246,
2007-01-12,101.007263,49.50193,
2007-01-16,100.809822,49.608772,
2007-01-17,100.852165,49.456963,
2007-01-18,100.513657,49.608772,
2007-01-19,100.711128,49.473824,
2007-01-22,100.400848,49.591896,
2007-01-23,100.697006,49.265793,
2007-01-24,101.507935,49.260139,
2007-01-25,100.316223,48.905941,
2007-01-26,100.224548,48.866562,
2007-01-29,100.168083,48.759747,
2007-01-30,100.689941,48.81601,
2007-01-31,101.366913,49.226467,
2007-02-01,101.973351,49.167183,
2007-02-02,102.114365,49.229279,
2007-02-05,102.142609,49.296989,
2007-02-06,102.170776,49.567997,
2007-02-07,102.396423,49.714756,
2007-02-08,102.262482,49.75428,
2007-02-09,101.500862,49.472023,
2007-02-12,101.155342,49.3591,
2007-02-13,102.008591,49.251823,
2007-02-14,102.67849,49.720436,
2007-02-15,102.812462,49.867191,
2007-02-16,102.763161,50.042202,
2007-02-20,102.981728,50.155113,
2007-02-21,102.939415,50.070465,
2007-02-22,102.861855,49.799488,
2007-02-23,102.459885,50.155113,
2007-02-26,102.36824,50.488224,
2007-02-27,98.369957,51.126175,
2007-02-28,99.378372,50.894688,
2007-03-01,99.082222,50.862396,
2007-03-02,97.784668,51.11742,
2007-03-05,96.853874,51.202427,
2007-03-06,98.511017,51.049404,
2007-03-07,98.41227,51.247795,
2007-03-08,99.244392,51.202427,
2007-03-09,99.272568,50.664005,
2007-03-12,99.42067,50.862396,
2007-03-13,97.488525,51.168438,
2007-03-14,98.214844,50.936039,
2007-03-15,98.348808,50.930416,
2007-03-16,98.07341,50.919086,
2007-03-19,99.255692,50.811367,
2007-03-20,99.800797,50.839687,
2007-03-21,101.443291,50.862396,
2007-03-22,101.36541,50.460045,
2007-03-23,101.514114,50.318375,
2007-03-26,101.379539,50.380688,
2007-03-27,101.138863,50.295719,
2007-03-28,100.402588,50.193695,
2007-03-29,100.508759,50.125698,
2007-03-30,100.530052,50.029343,
2007-04-02,100.643318,50.112358,
2007-04-03,101.72644,50.049786,
2007-04-04,101.839737,50.101021,
2007-04-05,102.115845,49.913326,
2007-04-09,102.257446,49.583328,
2007-04-10,102.377815,49.731266,
2007-04-11,101.960106,49.697128,
2007-04-12,102.413193,49.708496,
2007-04-13,102.88044,49.554955,
2007-04-16,103.857422,49.827976,
2007-04-17,104.133537,50.106705,
2007-04-18,104.260979,50.356987,
2007-04-19,104.232635,50.271633,
2007-04-20,105.21669,50.140812,
2007-04-23,104.820229,50.322849,
2007-04-24,104.862717,50.510529,
2007-04-25,105.825569,50.334229,
2007-04-26,105.945862,49.970169,
2007-04-27,105.860947,49.958771,
2007-04-30,104.983078,50.482132,
2007-05-01,105.252121,50.51865,
2007-05-02,105.868042,50.49012,
2007-05-03,106.441475,50.375919,
2007-05-04,106.844994,50.581451,
2007-05-07,106.866272,50.718468,
2007-05-08,106.72467,50.604271,
2007-05-09,107.014954,50.404476,
2007-05-10,105.896332,50.524361,
2007-05-11,106.802559,50.347389,
2007-05-14,106.568871,50.216057,
2007-05-15,106.597237,50.198933,
2007-05-16,107.326424,50.164711,
2007-05-17,107.114052,49.959156,
2007-05-18,108.048569,49.628021,
2007-05-21,107.991905,49.776463,
2007-05-22,107.906914,49.519562,
2007-05-23,107.921097,49.376869,
2007-05-24,106.944176,49.422531,
2007-05-25,107.390129,49.308346,
2007-05-29,107.77951,49.302654,
2007-05-30,108.657372,49.405376,
2007-05-31,108.544167,49.31406,
2007-06-01,109.082169,49.054943,
2007-06-04,109.096306,49.278526,
2007-06-05,108.664452,48.96899,
2007-06-06,107.496338,48.946095,
2007-06-07,105.556526,48.069164,
2007-06-08,106.929939,48.029068,
2007-06-11,107.114052,47.891525,
2007-06-12,105.945862,47.198025,
2007-06-13,107.531723,47.759678,
2007-06-14,108.21846,47.639351,
2007-06-15,108.834213,47.966064,
2007-06-18,108.706177,47.868599,
2007-06-19,108.976402,48.315639,
2007-06-20,107.46196,47.925888,
2007-06-21,108.059219,47.696663,
2007-06-22,107.042442,48.006145,
2007-06-25,106.53054,48.269753,
2007-06-26,105.435555,48.281242,
2007-06-27,106.935776,48.327122,
2007-06-28,106.9216,48.315639,
2007-06-29,106.957115,48.814262,
2007-07-02,107.924095,49.070854,
2007-07-03,108.315079,48.771702,
2007-07-05,108.201401,48.225128,
2007-07-06,108.77021,48.029552,
2007-07-09,108.855522,48.202076,
2007-07-10,107.305489,49.019073,
2007-07-11,108.066345,48.512814,
2007-07-12,109.772705,48.345917,
2007-07-13,110.099831,48.478279,
2007-07-16,110.085548,48.944302,
2007-07-17,110.028687,48.840775,
2007-07-18,109.82959,49.024883,
2007-07-19,110.256248,49.013332,
2007-07-20,109.139977,49.456348,
2007-07-23,109.474083,49.375813,
2007-07-24,107.575714,49.559902,
2007-07-25,107.796135,49.657726,
2007-07-26,105.243607,50.071983,
2007-07-27,103.174576,50.215778,
2007-07-30,104.788574,50.071983,
2007-07-31,103.608269,50.434425,
2007-08-01,104.113106,50.325287,
2007-08-02,104.944901,50.452339,
2007-08-03,102.243156,50.787334,
2007-08-06,103.956688,50.41766,
2007-08-07,105.065849,50.377197,
2007-08-08,106.53054,49.765034,
2007-08-09,103.373634,49.834324,
2007-08-10,102.890167,49.718834,
2007-08-13,103.259872,49.863232,
2007-08-14,101.681458,49.996017,
2007-08-15,100.280716,49.816986,
2007-08-16,101.034401,50.331043,
2007-08-17,102.890167,50.128906,
2007-08-20,102.840378,50.157787,
2007-08-21,103.046608,50.400368,
2007-08-22,104.269478,50.319492,
2007-08-23,104.177071,50.49276,
2007-08-24,105.46402,50.741104,
2007-08-27,104.482803,51.006836,
2007-08-28,102.186279,51.093449,
2007-08-29,104.191284,50.954811,
2007-08-30,103.913994,51.295654,
2007-08-31,104.937874,51.336052,
2007-09-04,105.997284,51.360416,
2007-09-05,105.080055,51.772182,
2007-09-06,105.3218,51.638794,
2007-09-07,103.857109,52.369514,
2007-09-10,103.658043,52.77549,
2007-09-11,104.866753,52.734875,
2007-09-12,105.136932,52.537708,
2007-09-13,105.876404,52.067963,
2007-09-14,105.869316,52.143368,
2007-09-17,105.300514,52.392727,
2007-09-18,108.40049,51.998352,
2007-09-19,109.040428,51.516998,
2007-09-20,108.272491,50.54266,
2007-09-21,108.564651,50.971863,
2007-09-24,108.364677,51.11684,
2007-09-25,108.15033,50.93705,
2007-09-26,108.72184,50.983391,
2007-09-27,109.364754,51.3372,
2007-09-28,109.00045,51.453236,
2007-10-01,110.229172,51.747211,
2007-10-02,110.079102,51.91021,
2007-10-03,109.857689,51.758881,
2007-10-04,110.029167,51.956829,
2007-10-05,111.336449,51.397869,
2007-10-08,110.743523,51.357155,
2007-10-09,111.786598,51.293125,
2007-10-10,111.600761,51.322212,
2007-10-11,111.06501,51.269787,
2007-10-12,111.679359,51.019451,
2007-10-15,110.736374,51.031116,
2007-10-16,109.857689,51.048573,
2007-10-17,110.193481,51.607502,
2007-10-18,109.793404,51.892746,
2007-10-19,106.92157,52.667095,
2007-10-22,107.543137,52.672939,
2007-10-23,108.414688,52.603069,
2007-10-24,108.214584,52.993156,
2007-10-25,108.471817,52.812698,
2007-10-26,109.743416,52.690426,
2007-10-29,110.107758,52.894184,
2007-10-30,109.343346,52.865074,
2007-10-31,110.479271,52.387653,
2007-11-01,107.893143,53.068329,
2007-11-02,108.014603,53.237907,
2007-11-05,107.193031,53.214554,
2007-11-06,108.636101,52.957214,
2007-11-07,105.664307,53.05077,
2007-11-08,105.128494,52.957214,
2007-11-09,103.685455,53.40749,
2007-11-12,102.656731,53.600468,
2007-11-13,105.785751,53.401657,
2007-11-14,105.492805,53.46014,
2007-11-15,103.971214,53.962994,
2007-11-16,104.149773,54.03907,
2007-11-19,102.699608,54.389904,
2007-11-20,103.328247,54.331459,
2007-11-21,101.213707,54.647202,
2007-11-23,102.963898,54.810963,
2007-11-26,100.6922,55.892792,
2007-11-27,101.849518,55.360649,
2007-11-28,105.10704,54.986397,
2007-11-29,105.142815,55.460045,
2007-11-30,106.200066,55.191048,
2007-12-03,105.499947,55.62904,
2007-12-04,104.556999,55.623165,
2007-12-05,106.307198,54.959721,
2007-12-06,107.828857,54.478321,
2007-12-07,107.807457,53.86771,
2007-12-10,108.643265,53.544758,
2007-12-11,105.664307,54.595715,
2007-12-12,106.707268,54.032112,
2007-12-13,106.485794,53.444973,
2007-12-14,105.135628,53.198376,
2007-12-17,103.63546,53.673958,
2007-12-18,104.214043,54.020363,
2007-12-19,104.214043,54.736656,
2007-12-20,104.871307,54.619164,
2007-12-21,106.383072,53.820747,
2007-12-24,107.173065,53.568298,
2007-12-26,107.402863,53.098598,
2007-12-27,106.052727,53.677414,
2007-12-28,105.78701,54.514534,
2007-12-31,105.004204,54.844662,
2008-01-02,104.084923,55.63451,
2008-01-03,104.034607,55.557831,
2008-01-04,101.485115,55.569653,
2008-01-07,101.398941,55.811302,
2008-01-08,99.761505,55.746498,
2008-01-09,100.810059,55.852604,
2008-01-10,101.470764,55.098038,
2008-01-11,100.652061,55.528381,
2008-01-14,101.4636,55.734688,
2008-01-15,99.23011,56.359581,
2008-01-16,98.375465,55.952785,
2008-01-17,95.825905,56.677841,
2008-01-18,94.842041,56.288815,
2008-01-22,93.879646,56.890064,
2008-01-23,96.13475,56.760426,
2008-01-24,96.946274,55.622719,
2008-01-25,95.54583,56.559952,
2008-01-28,97.125816,56.347752,
2008-01-29,97.607002,55.964607,
2008-01-30,96.888824,55.599167,
2008-01-31,98.65554,55.994114,
2008-02-01,100.242691,56.330662,
2008-02-04,98.978714,55.750969,
2008-02-05,96.328651,56.176853,
2008-02-06,95.553024,56.005314,
2008-02-07,96.184998,54.798634,
2008-02-08,95.567383,55.425606,
2008-02-11,96.05574,55.656322,
2008-02-12,96.946274,55.32505,
2008-02-13,97.937378,54.739449,
2008-02-14,97.075562,53.934994,
2008-02-15,97.053978,54.349117,
2008-02-19,97.326912,53.79895,
2008-02-20,97.614159,54.171585,
2008-02-21,96.802643,54.745346,
2008-02-22,97.398705,54.431881,
2008-02-25,98.626816,53.875835,
2008-02-26,99.366539,53.8936,
2008-02-27,99.265968,53.940891,
2008-02-28,98.296486,54.8992,
2008-02-29,96.106018,55.739136,
2008-03-03,95.87619,55.595448,
2008-03-04,95.509918,55.055157,
2008-03-05,96.113205,54.396111,
2008-03-06,94.123863,54.687073,
2008-03-07,93.154327,54.75832,
2008-03-10,91.926254,55.565769,
2008-03-11,95.229836,55.090813,
2008-03-12,94.33931,56.153572,
2008-03-13,94.547531,55.714176,
2008-03-14,93.082527,56.402889,
2008-03-17,92.141693,56.836361,
2008-03-18,95.969543,56.616665,
2008-03-19,93.592392,57.554729,
2008-03-20,95.325996,57.697201,
2008-03-24,97.231361,56.581089,
2008-03-25,97.32518,56.818523,
2008-03-26,96.134338,56.581089,
2008-03-27,95.831192,56.18322,
2008-03-28,94.914589,56.729446,
2008-03-31,95.246613,56.931347,
2008-04-01,98.595406,56.004768,
2008-04-02,98.6604,56.124027,
2008-04-03,98.905785,56.249226,
2008-04-04,98.797493,56.761978,
2008-04-07,98.848038,56.463856,
2008-04-08,98.746994,56.267086,
2008-04-09,98.032486,56.851414,
2008-04-10,98.169624,56.660629,
2008-04-11,96.264236,57.042244,
2008-04-14,95.939468,56.708305,
2008-04-15,96.163185,56.004768,
2008-04-16,98.768631,55.456215,
2008-04-17,98.91301,55.360806,
2008-04-18,99.945084,55.313072,
2008-04-21,99.99559,55.533726,
2008-04-22,99.555344,55.724518,
2008-04-23,99.396538,55.539669,
2008-04-24,99.829582,55.068657,
2008-04-25,100.753441,54.746696,
2008-04-28,100.77504,54.913643,
2008-04-29,100.378105,55.122353,
2008-04-30,99.786285,55.515846,
2008-05-01,101.850418,55.519463,
2008-05-02,102.13192,54.819332,
2008-05-05,101.641121,54.819332,
2008-05-06,102.521667,54.424339,
2008-05-07,100.695702,54.657711,
2008-05-08,100.435844,55.148422,
2008-05-09,100.248184,55.351864,
2008-05-12,101.374115,55.268147,
2008-05-13,101.388535,54.663715,
2008-05-14,101.597824,54.687637,
2008-05-15,102.868034,55.184353,
2008-05-16,102.961891,54.956947,
2008-05-19,103.243362,55.028744,
2008-05-20,102.406136,55.315968,
2008-05-21,100.674026,55.327946,
2008-05-22,100.688423,54.675701,
2008-05-23,99.338821,54.915001,
2008-05-27,100.074997,54.543995,
2008-05-28,100.536873,54.059361,
2008-05-29,101.042114,53.670383,
2008-05-30,101.294685,54.023464,
2008-06-02,100.248184,54.231834,
2008-06-03,99.663582,54.6222,
2008-06-04,99.613075,54.135746,
2008-06-05,101.605019,53.811428,
2008-06-06,98.364456,54.508121,
2008-06-09,98.602631,54.508121,
2008-06-10,98.111855,54.153751,
2008-06-11,96.668396,54.027679,
2008-06-12,97.036507,53.487156,
2008-06-13,98.263382,53.373039,
2008-06-16,98.321182,53.385017,
2008-06-17,97.844841,53.493134,
2008-06-18,96.892159,53.943565,
2008-06-19,97.014839,53.625275,
2008-06-20,95.44014,53.937538,
2008-06-23,95.34584,54.051708,
2008-06-24,95.157295,54.412006,
2008-06-25,95.606949,54.436028,
2008-06-26,93.010262,54.802395,
2008-06-27,92.502495,55.44495,
2008-06-30,92.828903,55.457005,
2008-07-01,93.119049,55.3256,
2008-07-02,91.523277,55.614944,
2008-07-03,91.617607,55.494396,
2008-07-07,90.681938,55.747555,
2008-07-08,92.292183,56.109169,
2008-07-09,90.515099,56.356277,
2008-07-10,90.884979,56.350292,
2008-07-11,89.826019,55.548641,
2008-07-14,89.013626,56.036846,
2008-07-15,87.758774,56.018764,
2008-07-16,89.91304,55.006157,
2008-07-17,90.812462,54.722874,
2008-07-18,91.378242,54.517921,
2008-07-21,91.429001,54.728924,
2008-07-22,92.466255,54.457657,
2008-07-23,92.966728,54.349194,
2008-07-24,91.037315,54.879597,
2008-07-25,91.015556,54.331074,
2008-07-28,89.680931,54.879597,
2008-07-29,91.595818,54.656578,
2008-07-30,93.227829,54.710789,
2008-07-31,91.994781,55.253292,
2008-08-01,91.508781,55.375511,
2008-08-04,90.660141,55.248432,
2008-08-05,93.104507,54.83709,
2008-08-06,93.517967,54.613235,
2008-08-07,92.125313,55.502533,
2008-08-08,93.837112,55.653736,
2008-08-11,94.80912,55.121399,
2008-08-12,93.82267,55.635555,
2008-08-13,93.256874,55.442001,
2008-08-14,93.960449,55.798912,
2008-08-15,94.417412,56.282887,
2008-08-18,93.126282,56.506672,
2008-08-19,92.110809,56.288925,
2008-08-20,92.538788,56.446259,
2008-08-21,92.698349,56.343376,
2008-08-22,94.040222,56.307014,
2008-08-25,92.132584,56.869675,
2008-08-26,92.400955,56.918053,
2008-08-27,93.300392,57.01487,
2008-08-28,94.431908,57.020912,
2008-08-29,93.416382,56.766796,
2008-09-02,92.836174,57.295013,
2008-09-03,92.756371,57.537868,
2008-09-04,89.963844,57.999294,
2008-09-05,90.246712,57.968922,
2008-09-08,92.110809,58.211815,
2008-09-09,89.376282,58.788589,
2008-09-10,89.738945,58.424316,
2008-09-11,91.037315,58.39394,
2008-09-12,91.458015,57.641075,
2008-09-15,87.106018,59.511066,
2008-09-16,88.563911,59.498924,
2008-09-17,84.58181,59.796413,
2008-09-18,87.091484,58.922176,
2008-09-19,90.550209,57.052158,
2008-09-22,88.500183,57.046127,
2008-09-23,86.486679,56.827534,
2008-09-24,86.763885,57.076447,
2008-09-25,88.120842,56.961079,
2008-09-26,88.164574,57.373947,
2008-09-29,81.25589,59.043556,
2008-09-30,84.619087,57.604633,
2008-10-01,84.670143,58.329365,
2008-10-02,81.598808,58.798275,
2008-10-03,80.497147,59.315933,
2008-10-06,76.397163,60.393841,
2008-10-07,72.975647,60.211128,
2008-10-08,71.137207,59.346375,
2008-10-09,66.16906,58.846977,
2008-10-10,64.564041,58.432877,
2008-10-13,73.938629,57.683804,
2008-10-14,72.844322,57.31234,
2008-10-15,65.672989,57.860413,
2008-10-16,68.408737,57.56205,
2008-10-17,68.000206,57.166199,
2008-10-20,72.085617,57.622948,
2008-10-21,69.933487,57.927498,
2008-10-22,66.125298,59.10281,
2008-10-23,66.891342,59.541294,
2008-10-24,63.498951,58.907913,
2008-10-27,61.24469,58.950535,
2008-10-28,68.401436,58.09185,
2008-10-29,67.905388,57.799553,
2008-10-30,70.254517,57.27581,
2008-10-31,70.641144,56.532852,
2008-11-03,70.845406,56.685692,
2008-11-04,73.252876,57.749611,
2008-11-05,70.174225,58.434338,
2008-11-06,66.285782,58.01252,
2008-11-07,68.474419,57.633392,
2008-11-10,67.57711,57.914623,
2008-11-11,65.490593,58.085846,
2008-11-12,62.60894,58.458851,
2008-11-13,66.511963,57.058693,
2008-11-14,63.192528,58.189812,
2008-11-17,62.353561,58.446625,
2008-11-18,63.528137,59.198643,
2008-11-19,59.457329,60.715004,
2008-11-20,55.043613,63.851604,
2008-11-21,58.012844,62.928406,
2008-11-24,62.032562,61.943974,
2008-11-25,62.492168,63.766052,
2008-11-26,64.906967,63.851604,
2008-11-28,65.724045,64.640419,
2008-12-01,59.902359,67.115837,
2008-12-02,62.207676,67.37355,
2008-12-03,63.703228,67.563675,
2008-12-04,62.229565,68.894997,
2008-12-05,64.148254,67.778458,
2008-12-08,66.387932,67.631203,
2008-12-09,65.293625,68.96859,
2008-12-10,65.738625,68.802933,
2008-12-11,64.155533,68.937912,
2008-12-12,64.921577,68.937912,
2008-12-15,64.016922,69.723183,
2008-12-16,67.02993,71.447128,
2008-12-17,66.380623,73.385689,
2008-12-18,65.140411,74.925598,
2008-12-19,64.860207,75.005295,
2008-12-22,64.029121,74.42868,
2008-12-23,63.36726,74.330505,
2008-12-24,63.734962,74.170952,
2008-12-26,64.102707,74.41642,
2008-12-29,63.918835,74.327103,
2008-12-30,65.433876,75.035027,
2008-12-31,66.367905,73.465302,
2009-01-02,68.368324,71.61869,
2009-01-05,68.28743,69.772072,
2009-01-06,68.743439,69.070343,
2009-01-07,66.684128,69.341202,
2009-01-08,66.956261,69.285797,
2009-01-09,65.52211,69.390434,
2009-01-12,63.948212,70.110641,
2009-01-13,64.065903,70.184509,
2009-01-14,62.050747,71.341705,
2009-01-15,62.072796,71.458679,
2009-01-16,62.55825,70.356804,
2009-01-20,59.256001,70.344505,
2009-01-21,61.815399,68.122421,
2009-01-22,60.859329,66.811295,
2009-01-23,61.124077,66.288071,
2009-01-26,61.543282,65.70948,
2009-01-27,62.168423,67.254509,
2009-01-28,64.271835,65.574005,
2009-01-29,62.183128,64.065918,
2009-01-30,60.918102,63.862827,
2009-02-02,60.73428,65.050995,
2009-02-03,61.587425,63.501762,
2009-02-04,61.285892,63.279568,
2009-02-05,62.197834,63.335087,
2009-02-06,63.970325,63.1376,
2009-02-09,64.058563,63.341274,
2009-02-10,61.124077,64.717712,
2009-02-11,61.484447,65.557182,
2009-02-12,61.528553,64.939941,
2009-02-13,60.866661,63.211609,
2009-02-17,58.263149,65.180717,
2009-02-18,58.12339,64.625114,
2009-02-19,57.498257,63.52644,
2009-02-20,56.939297,64.143692,
2009-02-23,54.902092,64.736221,
2009-02-24,56.983421,64.66832,
2009-02-25,56.534817,63.921478,
2009-02-26,55.615498,63.248676,
2009-02-27,54.37254,62.884506,
2009-03-02,51.923466,63.925629,
2009-03-03,51.533684,63.498508,
2009-03-04,52.754547,63.207623,
2009-03-05,50.599655,64.965477,
2009-03-06,50.687893,64.532127,
2009-03-09,50.092182,64.15461,
2009-03-10,53.078129,62.922905,
2009-03-11,53.423801,63.603748,
2009-03-12,55.527218,63.906994,
2009-03-13,55.961128,63.585159,
2009-03-16,55.791977,62.582497,
2009-03-17,57.498257,62.242035,
2009-03-18,58.785309,64.600273,
2009-03-19,58.057217,64.680725,
2009-03-20,56.820908,64.321732,
2009-03-23,60.902344,63.764683,
2009-03-24,59.702366,64.371277,
2009-03-25,60.331947,63.504711,
2009-03-26,61.561581,64.241272,
2009-03-27,60.450493,64.717857,
2009-03-30,58.361641,64.965477,
2009-03-31,58.902382,65.429688,
2009-04-01,60.043064,66.026833,
2009-04-02,61.798607,65.219826,
2009-04-03,62.413368,63.885338,
2009-04-06,61.924526,63.612179,
2009-04-07,60.480125,63.773544,
2009-04-08,61.131958,64.338379,
2009-04-09,63.561512,63.531528,
2009-04-13,63.576332,64.114967,
2009-04-14,62.480072,64.450111,
2009-04-15,63.146721,64.338379,
2009-04-16,64.072647,63.829418,
2009-04-17,64.502228,63.127937,
2009-04-20,61.798607,64.083893,
2009-04-21,63.006008,63.450794,
2009-04-22,62.620808,63.065922,
2009-04-23,63.2356,63.059711,
2009-04-24,64.191147,62.426598,
2009-04-27,63.583733,62.693455,
2009-04-28,63.383762,61.669243,
2009-04-29,64.73185,61.123047,
2009-04-30,64.754074,60.880951,
2009-05-01,65.102226,60.461933,
2009-05-04,67.317009,60.661167,
2009-05-05,67.087402,60.586456,
2009-05-06,68.250305,60.443245,
2009-05-07,67.302193,58.967678,
2009-05-08,68.872513,59.110889,
2009-05-11,67.583649,59.951397,
2009-05-12,67.383644,60.169308,
2009-05-13,65.687378,60.823025,
2009-05-14,66.250336,61.059677,
2009-05-15,65.709625,61.041012,
2009-05-18,67.576241,60.094608,
2009-05-19,67.494766,59.777035,
2009-05-20,67.042923,60.405918,
2009-05-21,66.079956,58.886742,
2009-05-22,65.93924,58.232971,
2009-05-26,67.62809,57.355145,
2009-05-27,66.4207,56.340256,
2009-05-28,67.346611,57.155891,
2009-05-29,68.5392,58.631451,
2009-06-01,70.198418,56.898102,
2009-06-02,70.257652,57.204197,
2009-06-03,69.368797,57.741333,
2009-06-04,70.020653,56.548309,
2009-06-05,70.035416,56.117298,
2009-06-08,69.746536,55.973595,
2009-06-09,70.102119,55.967377,
2009-06-10,69.924339,55.086632,
2009-06-11,70.235443,55.69873,
2009-06-12,70.428024,56.198486,
2009-06-15,68.813286,56.704441,
2009-06-16,67.879944,57.691402,
2009-06-17,67.813278,57.366577,
2009-06-18,68.309563,56.49836,
2009-06-19,68.561348,57.272858,
2009-06-22,66.505424,57.828781,
2009-06-23,66.55751,58.509644,
2009-06-24,67.131126,57.922543,
2009-06-25,68.591148,58.984375,
2009-06-26,68.412331,59.08432,
2009-06-29,69.052956,59.171783,
2009-06-30,68.494301,59.071835,
2009-07-01,68.777359,58.954659,
2009-07-02,66.900215,59.092545,
2009-07-06,66.892761,58.979748,
2009-07-07,65.596603,59.374519,
2009-07-08,65.551895,60.4711,
2009-07-09,65.678551,59.750496,
2009-07-10,65.522133,60.301926,
2009-07-13,67.116211,59.963558,
2009-07-14,67.496124,58.967213,
2009-07-15,69.470139,57.450699,
2009-07-16,69.358391,58.071095,
2009-07-17,70.118195,57.174988,
2009-07-20,70.863106,57.475773,
2009-07-21,71.190857,58.622524,
2009-07-22,71.175957,58.09613,
2009-07-23,72.747719,57.030857,
2009-07-24,73.045692,57.306561,
2009-07-27,73.261696,56.648567,
2009-07-28,72.919067,57.149925,
2009-07-29,72.740288,57.463207,
2009-07-30,73.500092,58.277905,
2009-07-31,73.60437,59.412106,
2009-08-03,74.818588,58.511738,
2009-08-04,75.012238,58.046425,
2009-08-05,74.796211,57.178757,
2009-08-06,74.408867,57.373692,
2009-08-07,75.384705,56.895828,
2009-08-10,75.228256,57.60635,
2009-08-11,74.28968,58.272804,
2009-08-12,75.086754,57.65036,
2009-08-13,75.660324,58.467651,
2009-08-14,75.079262,58.694069,
2009-08-17,73.231918,59.561733,
2009-08-18,73.812958,59.215954,
2009-08-19,74.461006,59.706329,
2009-08-20,75.228256,60.196754,
2009-08-21,76.703201,58.958099,
2009-08-24,76.695724,60.026985,
2009-08-25,76.844742,60.366524,
2009-08-26,76.852165,60.643154,
2009-08-27,77.023468,60.404282,
2009-08-28,77.008598,60.68087,
2009-08-31,76.323296,60.737484,
2009-09-01,74.639816,60.590523,
2009-09-02,74.356712,61.473587,
2009-09-03,74.974998,61.095142,
2009-09-04,76.025322,60.054356,
2009-09-08,76.680817,59.631783,
2009-09-09,77.269325,59.562374,
2009-09-10,78.058907,60.659897,
2009-09-11,78.044014,60.994228,
2009-09-14,78.42392,60.388668,
2009-09-15,78.751694,60.079632,
2009-09-16,79.943535,60.186848,
2009-09-17,79.824364,60.943745,
2009-09-18,79.875214,60.40131,
2009-09-21,79.673164,60.540104,
2009-09-22,80.137222,60.666248,
2009-09-23,79.471062,60.849182,
2009-09-24,78.59539,61.025772,
2009-09-25,78.176262,61.801575,
2009-09-28,79.575874,62.34404,
2009-09-29,79.336372,62.28727,
2009-09-30,79.029503,62.230537,
2009-10-01,77.068542,63.082817,
2009-10-02,76.709274,62.64621,
2009-10-05,77.854401,62.652546,
2009-10-06,78.969582,62.032455,
2009-10-07,79.186691,62.760132,
2009-10-08,79.792915,62.102074,
2009-10-09,80.279404,60.67844,
2009-10-12,80.593765,60.773357,
2009-10-13,80.429131,61.089725,
2009-10-14,81.813744,60.184937,
2009-10-15,82.113113,59.906502,
2009-10-16,81.499397,60.39373,
2009-10-19,82.172974,60.868282,
2009-10-20,81.738899,61.197281,
2009-10-21,81.005447,60.830299,
2009-10-22,81.828728,60.532906,
2009-10-23,80.893143,60.077366,
2009-10-26,80.017464,59.299057,
2009-10-27,79.650726,60.108971,
2009-10-28,78.146324,60.39373,
2009-10-29,79.822868,59.735695,
2009-10-30,77.510132,60.602539,
2009-11-02,78.078949,60.334621,
2009-11-03,78.325951,59.731594,
2009-11-04,78.527985,59.185719,
2009-11-05,79.972534,59.185719,
2009-11-06,80.182106,59.242847,
2009-11-09,82.008362,59.312656,
2009-11-10,82.023308,59.204727,
2009-11-11,82.442444,59.45232,
2009-11-12,81.60421,59.344368,
2009-11-13,82.045776,59.617329,
2009-11-16,83.235825,60.315578,
2009-11-17,83.33313,60.639355,
2009-11-18,83.280739,60.283882,
2009-11-19,82.19545,60.391788,
2009-11-20,81.903572,60.379097,
2009-11-23,82.943901,60.302883,
2009-11-24,83.071144,60.683762,
2009-11-25,83.363045,60.963051,
2009-11-27,82.008362,61.191559,
2009-11-30,82.285278,61.337593,
2009-12-01,83.303185,60.654274,
2009-12-02,83.26577,60.705242,
2009-12-03,82.614555,60.074825,
2009-12-04,83.086113,59.438007,
2009-12-07,82.9589,59.514465,
2009-12-08,82.038292,59.603546,
2009-12-09,82.345139,59.329784,
2009-12-10,82.809212,58.648441,
2009-12-11,83.160965,58.641994,
2009-12-14,83.729797,58.71209,
2009-12-15,83.340614,58.451012,
2009-12-16,83.467827,58.380955,
2009-12-17,82.46489,59.342506,
2009-12-18,82.931435,59.087761,
2009-12-21,83.774231,58.037067,
2009-12-22,84.075226,57.71233,
2009-12-23,84.240768,57.72504,
2009-12-24,84.63961,57.126495,
2009-12-28,84.820168,56.967312,
2009-12-29,84.699783,57.343021,
2009-12-30,84.669678,57.7201,
2009-12-31,83.85701,57.44532,
2010-01-04,85.27919,57.394157,
2010-01-05,85.504974,57.764797,
2010-01-06,85.56514,56.99157,
2010-01-07,85.926361,57.087425,
2010-01-08,86.21228,57.061855,
2010-01-11,86.33268,56.748707,
2010-01-12,85.527527,57.7201,
2010-01-13,86.249924,57.049065,
2010-01-14,86.483162,57.847851,
2010-01-15,85.512474,58.205772,
2010-01-19,86.580994,58.039631,
2010-01-20,85.700562,58.627563,
2010-01-21,84.052643,58.895988,
2010-01-22,82.178978,58.793682,
2010-01-25,82.600349,58.525269,
2010-01-26,82.254219,58.54451,
2010-01-27,82.645508,58.512535,
2010-01-28,81.697372,58.480572,
2010-01-29,80.809433,58.99176,
2010-02-01,82.066093,58.45631,
2010-02-02,83.059364,58.623089,
2010-02-03,82.645508,57.943317,
2010-02-04,80.094574,58.860374,
2010-02-05,80.260117,58.988609,
2010-02-08,79.68074,59.065601,
2010-02-09,80.681519,58.47554,
2010-02-10,80.523506,57.917622,
2010-02-11,81.366295,57.603336,
2010-02-12,81.298546,57.840649,
2010-02-16,82.577774,57.949665,
2010-02-17,82.969093,57.28912,
2010-02-18,83.458153,57.058231,
2010-02-19,83.631233,57.366108,
2010-02-22,83.646286,57.128784,
2010-02-23,82.630463,58.020172,
2010-02-24,83.39048,58.161301,
2010-02-25,83.277596,58.488403,
2010-02-26,83.330276,58.78981,
2010-03-01,84.195641,58.76405,
2010-03-02,84.428909,58.686855,
2010-03-03,84.50415,58.538929,
2010-03-04,84.760017,58.847713,
2010-03-05,85.971512,58.075668,
2010-03-08,85.986526,57.773289,
2010-03-09,86.129517,57.786137,
2010-03-10,86.51329,57.638233,
2010-03-11,86.874474,57.850506,
2010-03-12,86.882004,58.210773,
2010-03-15,86.904572,58.133568,
2010-03-16,87.596886,58.596775,
2010-03-17,88.116074,58.847713,
2010-03-18,88.070938,58.654713,
2010-03-19,87.625137,58.712597,
2010-03-22,88.09359,58.776966,
2010-03-23,88.71315,58.500309,
2010-03-24,88.282486,57.432312,
2010-03-25,88.138924,57.065639,
2010-03-26,88.086021,57.226421,
2010-03-29,88.64518,57.007732,
2010-03-30,88.70562,57.187836,
2010-03-31,88.403389,57.580269,
2010-04-01,89.007874,57.439487,
2010-04-05,89.733215,56.483822,
2010-04-06,89.944771,56.574234,
2010-04-07,89.430969,57.297482,
2010-04-08,89.740753,57.323277,
2010-04-09,90.330101,57.458897,
2010-04-12,90.473686,57.762424,
2010-04-13,90.541695,57.94968,
2010-04-14,91.569298,57.542847,
2010-04-15,91.644844,57.607441,
2010-04-16,90.186554,58.027187,
2010-04-19,90.526573,57.885098,
2010-04-20,91.335052,58.091721,
2010-04-21,91.1688,58.569614,
2010-04-22,91.440811,58.395264,
2010-04-23,92.037743,58.188572,
2010-04-26,91.69017,58.253178,
2010-04-27,89.521629,59.073254,
2010-04-28,90.201675,58.569614,
2010-04-29,91.319931,58.814949,
2010-04-30,89.77095,59.493034,
2010-05-03,90.934555,59.41523,
2010-05-04,88.796288,60.484447,
2010-05-05,88.267372,60.840839,
2010-05-06,85.335724,62.720013,
2010-05-07,84.066345,61.935989,
2010-05-10,87.768692,60.652905,
2010-05-11,87.519356,60.497417,
2010-05-12,88.74337,60.037331,
2010-05-13,87.640236,60.432564,
2010-05-14,86.05349,61.482391,
2010-05-17,86.098862,61.255547,
2010-05-18,84.927696,62.195175,
2010-05-19,84.44413,62.402523,
2010-05-20,81.255577,63.717979,
2010-05-21,82.441841,63.78278,
2010-05-24,81.383995,63.562481,
2010-05-25,81.467117,63.873493,
2010-05-26,80.975998,63.692051,
2010-05-27,83.688545,62.247002,
2010-05-28,82.638275,62.532166,
2010-06-01,81.248016,62.971684,
2010-06-02,83.36364,62.373512,
2010-06-03,83.650764,61.918358,
2010-06-04,80.711548,63.582836,
2010-06-07,79.706589,64.070496,
2010-06-08,80.560394,63.751915,
2010-06-09,80.129753,63.680378,
2010-06-10,82.472054,62.542492,
2010-06-11,82.872505,63.335789,
2010-06-14,82.744057,63.010666,
2010-06-15,84.625473,62.750591,
2010-06-16,84.595253,63.108189,
2010-06-17,84.731262,63.621876,
2010-06-18,84.823112,63.517818,
2010-06-21,84.580147,63.335789,
2010-06-22,83.183304,64.090012,
2010-06-23,82.925156,64.525604,
2010-06-24,81.551033,64.141991,
2010-06-25,81.892693,64.4021,
2010-06-28,81.634529,65.006783,
2010-06-29,79.114075,65.715546,
2010-06-30,78.362488,66.157593,
2010-07-01,78.013283,66.261993,
2010-07-02,77.588142,65.733688,
2010-07-06,78.096779,66.275024,
2010-07-07,80.556526,65.498932,
2010-07-08,81.353668,65.081543,
2010-07-09,81.961006,64.70977,
2010-07-12,82.01416,64.683708,
2010-07-13,83.25161,64.129349,
2010-07-14,83.244019,64.775002,
2010-07-15,83.266762,65.42067,
2010-07-16,80.974075,65.740219,
2010-07-19,81.452362,65.335907,
2010-07-20,82.355812,65.433746,
2010-07-21,81.285309,66.542404,
2010-07-22,83.099777,65.772804,
2010-07-23,83.820992,65.075012,
2010-07-26,84.694038,64.964127,
2010-07-27,84.68647,64.338005,
2010-07-28,84.139847,64.546715,
2010-07-29,83.729904,64.527145,
2010-07-30,83.714684,65.531578,
2010-08-02,85.605064,64.611656,
2010-08-03,85.195084,64.984566,
2010-08-04,85.764481,64.487274,
2010-08-05,85.673386,64.788231,
2010-08-06,85.324165,65.494904,
2010-08-09,85.779678,65.252831,
2010-08-10,85.316559,65.390236,
2010-08-11,82.978333,66.266991,
2010-08-12,82.469658,66.103386,
2010-08-13,82.226692,66.927765,
2010-08-16,82.188766,68.602837,
2010-08-17,83.198471,68.210213,
2010-08-18,83.350266,68.393433,
2010-08-19,81.900253,69.459908,
2010-08-20,81.634529,69.381386,
2010-08-23,81.323311,69.394485,
2010-08-24,80.116211,70.506798,
2010-08-25,80.427444,70.277794,
2010-08-26,79.888443,70.938583,
2010-08-27,81.1259,68.929932,
2010-08-30,79.949173,70.251663,
2010-08-31,79.949173,71.030258,
2010-09-01,82.340599,69.561615,
2010-09-02,83.107361,68.826622,
2010-09-03,84.185371,67.973473,
2010-09-07,83.236412,69.364685,
2010-09-08,83.820992,68.813446,
2010-09-09,84.208145,67.455017,
2010-09-10,84.633301,67.146652,
2010-09-13,85.574692,67.474739,
2010-09-14,85.521553,68.124413,
2010-09-15,85.847984,67.113792,
2010-09-16,85.825233,66.450928,
2010-09-17,85.857277,66.72007,
2010-09-20,87.170059,67.107193,
2010-09-21,86.994499,68.039093,
2010-09-22,86.567093,68.649361,
2010-09-23,85.864906,68.846199,
2010-09-24,87.635628,67.920975,
2010-09-27,87.215836,69.102135,
2010-09-28,87.521164,69.574669,
2010-09-29,87.368484,69.28595,
2010-09-30,87.109009,69.23999,
2010-10-01,87.475365,68.905388,
2010-10-04,86.818962,69.08329,
2010-10-05,88.566803,68.668236,
2010-10-06,88.559158,69.53109,
2010-10-07,88.452293,68.951508,
2010-10-08,88.948402,68.648537,
2010-10-11,89.032379,68.661697,
2010-10-12,89.307137,67.983192,
2010-10-13,90.001694,67.877861,
2010-10-14,89.650612,66.863503,
2010-10-15,89.833778,66.046677,
2010-10-18,90.276451,66.580238,
2010-10-19,89.093437,66.981972,
2010-10-20,89.963539,67.126877,
2010-10-21,90.161957,66.329933,
2010-10-22,90.329857,66.777824,
2010-10-25,90.597046,66.968811,
2010-10-26,90.612289,65.934731,
2010-10-27,90.352798,65.355072,
2010-10-28,90.368034,65.532906,
2010-10-29,90.436745,66.145416,
2010-11-01,90.46727,65.860733,
2010-11-02,91.184715,66.726318,
2010-11-03,91.551071,65.365097,
2010-11-04,93.314163,65.873917,
2010-11-05,93.665283,64.743927,
2010-11-08,93.489708,65.034706,
2010-11-09,92.818062,63.600819,
2010-11-10,93.192017,63.686653,
2010-11-11,92.840973,63.653709,
2010-11-12,91.741882,63.310047,
2010-11-15,91.612114,61.988464,
2010-11-16,90.184845,63.528103,
2010-11-17,90.230667,63.177921,
2010-11-18,91.558701,63.435574,
2010-11-19,91.810585,63.825466,
2010-11-22,91.734245,64.096344,
2010-11-23,90.406197,64.413605,
2010-11-24,91.741882,63.263771,
2010-11-26,90.673325,64.142639,
2010-11-29,90.948135,64.691101,
2010-11-30,90.436745,65.028152,
2010-12-01,92.360115,63.582554,
2010-12-02,93.543144,63.416805,
2010-12-03,93.795006,62.919479,
2010-12-06,93.695786,63.808037,
2010-12-07,93.749229,62.442097,
2010-12-08,94.092667,61.838696,
2010-12-09,94.459038,62.143723,
2010-12-10,95.008568,61.765797,
2010-12-13,95.069618,61.997807,
2010-12-14,95.15358,61.096031,
2010-12-15,94.718536,60.300343,
2010-12-16,95.268059,60.718067,
2010-12-17,95.370117,61.825413,
2010-12-20,95.600288,61.759159,
2010-12-21,96.206406,62.19014,
2010-12-22,96.505638,61.745842,
2010-12-23,96.367554,61.6199,
2010-12-27,96.405891,62.170242,
2010-12-28,96.544029,60.952614,
2010-12-29,96.613091,61.983955,
2010-12-30,96.459641,61.937347,
2010-12-31,96.482635,62.622662,
2011-01-03,97.480064,62.150265,
2011-01-04,97.426361,62.223446,
2011-01-05,97.93277,60.852844,
2011-01-06,97.740967,61.118977,
2011-01-07,97.549133,61.444965,
2011-01-10,97.426361,61.777657,
2011-01-11,97.771652,61.431698,
2011-01-12,98.653999,60.952614,
2011-01-13,98.492867,61.498257,
2011-01-14,99.206413,61.105709,
2011-01-18,99.375229,60.81955,
2011-01-19,98.400787,61.258709,
2011-01-20,98.270393,60.413689,
2011-01-21,98.492867,60.892773,
2011-01-24,99.052963,60.919392,
2011-01-25,99.106659,61.498257,
2011-01-26,99.490318,60.56675,
2011-01-27,99.735832,60.839539,
2011-01-28,97.994118,61.15889,
2011-01-31,98.730682,60.693184,
2011-02-01,100.311272,60.392704,
2011-02-02,100.119438,60.406063,
2011-02-03,100.341972,59.90527,
2011-02-04,100.625847,59.297672,
2011-02-07,101.254982,59.604813,
2011-02-08,101.715355,59.057304,
2011-02-09,101.485123,59.571404,
2011-02-10,101.523537,58.883709,
2011-02-11,102.129662,59.731644,
2011-02-14,102.375191,59.771736,
2011-02-15,102.05291,60.038822,
2011-02-16,102.697449,59.845188,
2011-02-17,103.004356,59.938679,
2011-02-18,103.219193,59.751743,
2011-02-22,101.147568,60.646389,
2011-02-23,100.526108,60.866741,
2011-02-24,100.457024,61.254047,
2011-02-25,101.531174,61.61454,
2011-02-28,102.160332,61.694645,
2011-03-01,100.457024,61.873531,
2011-03-02,100.671883,60.922359,
2011-03-03,102.405876,60.326206,
2011-03-04,101.638596,60.828598,
2011-03-07,100.84066,60.440037,
2011-03-08,101.723,60.071655,
2011-03-09,101.577217,60.654449,
2011-03-10,99.697479,61.672615,
2011-03-11,100.387993,61.324291,
2011-03-14,99.78186,61.297508,
2011-03-15,98.638626,62.21513,
2011-03-16,96.812553,62.918507,
2011-03-17,98.093918,62.436211,
2011-03-18,98.450676,62.603706,
2011-03-21,99.976433,62.235264,
2011-03-22,99.629692,62.442917,
2011-03-23,99.914787,62.362526,
2011-03-24,100.870323,61.893581,
2011-03-25,101.178558,61.739578,
2011-03-28,100.931953,61.826672,
2011-03-29,101.610077,61.351051,
2011-03-30,102.31134,61.840069,
2011-03-31,102.172623,61.712791,
2011-04-01,102.604095,62.012775,
2011-04-04,102.688911,62.080055,
2011-04-05,102.673485,61.831161,
2011-04-06,102.997162,60.902889,
2011-04-07,102.735184,60.781796,
2011-04-08,102.380707,60.458958,
2011-04-11,102.072433,60.512703,
2011-04-12,101.309555,61.165268,
2011-04-13,101.301857,61.548634,
2011-04-14,101.378929,61.501572,
2011-04-15,101.748817,62.335667,
2011-04-18,100.608322,62.476929,
2011-04-19,101.186287,62.745972,
2011-04-20,102.565628,62.342442,
2011-04-21,103.089615,62.288563,
2011-04-25,102.981758,62.523998,
2011-04-26,103.867966,63.129425,
2011-04-27,104.546036,62.483658,
2011-04-28,104.885101,62.961258,
2011-04-29,105.13166,63.156284,
2011-05-02,104.969856,63.257645,
2011-05-03,104.592293,63.615669,
2011-05-04,103.89875,63.89941,
2011-05-05,102.958618,64.507408,
2011-05-06,103.413261,64.22364,
2011-05-09,103.813965,64.156143,
2011-05-10,104.700142,63.696758,
2011-05-11,103.598213,64.061554,
2011-05-12,104.091431,63.656219,
2011-05-13,103.289948,64.230423,
2011-05-16,102.634941,64.58844,
2011-05-17,102.619553,65.250496,
2011-05-18,103.536606,64.385803,
2011-05-19,103.78318,64.358788,
2011-05-20,102.958618,64.392601,
2011-05-23,101.764206,64.703308,
2011-05-24,101.679436,64.946503,
2011-05-25,102.018532,64.642532,
2011-05-26,102.488571,65.196442,
2011-05-27,102.881569,65.169411,
2011-05-31,103.952698,65.318031,
2011-06-01,101.617783,66.200813,
2011-06-02,101.509872,64.939735,
2011-06-03,100.500435,65.312645,
2011-06-06,99.436996,64.817673,
2011-06-07,99.375389,65.116035,
2011-06-08,98.959259,65.624542,
2011-06-09,99.714432,65.360115,
2011-06-10,98.327377,65.861794,
2011-06-13,98.404411,65.529587,
2011-06-14,99.652824,64.539703,
2011-06-15,97.880432,65.712616,
2011-06-16,98.096214,66.010963,
2011-06-17,98.388947,65.699036,
2011-06-20,98.892273,65.780403,
2011-06-21,100.24752,65.488853,
2011-06-22,99.643486,65.529587,
2011-06-23,99.356956,66.031303,
2011-06-24,98.203094,65.753326,
2011-06-27,99.07814,64.851562,
2011-06-28,100.371414,64.329521,
2011-06-29,101.231003,63.902393,
2011-06-30,102.19902,63.800671,
2011-07-01,103.709137,63.698608,
2011-07-05,103.62394,63.841469,
2011-07-06,103.747871,64.168007,
2011-07-07,104.824272,63.977543,
2011-07-08,104.080849,64.882385,
2011-07-11,102.19902,65.855209,
2011-07-12,101.757591,66.079727,
2011-07-13,102.098351,66.263412,
2011-07-14,101.393639,65.317764,
2011-07-15,101.982193,65.426636,
2011-07-18,101.145836,64.793953,
2011-07-19,102.787582,66.140984,
2011-07-20,102.725594,65.358612,
2011-07-21,104.150536,64.855179,
2011-07-22,104.220245,65.344971,
2011-07-25,103.639427,64.630608,
2011-07-26,103.25222,65.072876,
2011-07-27,101.138077,65.079674,
2011-07-28,100.843788,65.324593,
2011-07-29,100.15461,66.617195,
2011-08-01,99.728676,67.289536,
2011-08-02,97.180832,69.310051,
2011-08-03,97.707451,69.446526,
2011-08-04,93.130676,71.91748,
2011-08-05,92.991287,69.842461,
2011-08-08,86.935402,72.04718,
2011-08-09,90.977798,72.265656,
2011-08-10,86.958618,74.415764,
2011-08-11,90.861649,70.66153,
2011-08-12,91.47345,72.060829,
2011-08-15,93.409454,71.33046,
2011-08-16,92.611824,72.511383,
2011-08-17,92.673775,73.780983,
2011-08-18,88.677811,75.296333,
2011-08-19,87.229668,75.903793,
2011-08-22,87.299347,75.712646,
2011-08-23,90.172417,74.668327,
2011-08-24,91.442459,72.545464,
2011-08-25,90.048531,73.33046,
2011-08-26,91.357269,74.053978,
2011-08-29,93.982513,73.030075,
2011-08-30,94.230324,74.204155,
2011-08-31,94.648529,73.057465,
2011-09-01,93.657272,74.606064,
2011-09-02,91.264343,77.029739,
2011-09-06,90.598335,77.830788,
2011-09-07,93.153908,76.3451,
2011-09-08,92.185875,77.029739,
2011-09-09,89.76973,77.851326,
2011-09-12,90.350548,77.933464,
2011-09-13,91.179146,76.824341,
2011-09-14,92.44146,77.474747,
2011-09-15,94.036713,76.290306,
2011-09-16,94.593315,76.844894,
2011-09-19,93.651413,78.310043,
2011-09-20,93.542442,78.638641,
2011-09-21,90.78685,81.240326,
2011-09-22,87.852234,84.293884,
2011-09-23,88.381516,82.725983,
2011-09-26,90.483261,81.397781,
2011-09-27,91.495171,80.151749,
2011-09-28,89.626976,80.124359,
2011-09-29,90.33535,80.678925,
2011-09-30,88.077942,82.70549,
2011-10-03,85.571434,84.981522,
2011-10-04,87.447418,83.9039,
2011-10-05,89.066544,83.299927,
2011-10-06,90.677872,81.762352,
2011-10-07,90.070686,81.15834,
2011-10-10,93.083199,80.0121,
2011-10-11,93.176575,79.744392,
2011-10-12,93.993927,78.584404,
2011-10-13,93.807106,79.36692,
2011-10-14,95.410652,78.213768,
2011-10-17,93.589149,79.565987,
2011-10-18,95.418427,79.071732,
2011-10-19,94.289703,79.044327,
2011-10-20,94.702293,78.481384,
2011-10-21,96.500427,77.650902,
2011-10-24,97.683617,77.781319,
2011-10-25,95.784279,79.758125,
2011-10-26,96.757301,78.364746,
2011-10-27,100.127838,75.708443,
2011-10-28,100.104492,76.5047,
2011-10-31,97.691422,79.53846,
2011-11-01,94.966934,82.200943,
2011-11-02,96.515968,81.175644,
2011-11-03,98.275215,80.060768,
2011-11-04,97.675835,80.157143,
2011-11-07,98.282974,80.666389,
2011-11-08,99.544014,79.634132,
2011-11-09,95.869904,81.285782,
2011-11-10,96.772888,80.074562,
2011-11-11,98.594353,79.585968,
2011-11-14,97.660271,80.865982,
2011-11-15,98.142876,80.755867,
2011-11-16,96.586052,81.492218,
2011-11-17,95.052544,82.145927,
2011-11-18,94.95137,82.125267,
2011-11-21,93.145439,82.613876,
2011-11-22,92.779587,83.536034,
2011-11-23,90.732368,84.354919,
2011-11-25,90.561127,83.129974,
2011-11-28,93.184364,83.088692,
2011-11-29,93.44902,82.407402,
2011-11-30,97.294395,81.120575,
2011-12-01,97.278862,80.713524,
2011-12-02,97.193214,81.844933,
2011-12-05,98.251862,81.679382,
2011-12-06,98.282974,80.899757,
2011-12-07,98.64888,81.189545,
2011-12-08,96.484833,82.203674,
2011-12-09,98.119522,80.513474,
2011-12-12,96.687248,81.410316,
2011-12-13,95.784279,82.169121,
2011-12-14,94.764565,83.721359,
2011-12-15,95.10704,83.410973,
2011-12-16,95.24807,84.383598,
2011-12-19,94.229691,85.452858,
2011-12-20,97.081116,83.321251,
2011-12-21,97.269112,82.162247,
2011-12-22,98.130814,82.507187,
2011-12-23,99.008141,81.589668,
2011-12-27,99.086479,81.977211,
2011-12-28,97.786118,83.492912,
2011-12-29,98.796661,83.64518,
2011-12-30,98.310951,83.915085,
2012-01-03,99.877724,82.655495,
2012-01-04,100.034325,81.672745,
2012-01-05,100.300697,81.527359,
2012-01-06,100.042198,82.171059,
2012-01-09,100.285027,82.025719,
2012-01-10,101.154572,81.887299,
2012-01-11,101.209373,82.953072,
2012-01-12,101.452232,82.835426,
2012-01-13,100.927361,83.659035,
2012-01-17,101.319054,84.046577,
2012-01-18,102.439285,83.029228,
2012-01-19,102.979782,81.887299,
2012-01-20,103.363594,80.9599,
2012-01-23,103.09726,80.447731,
2012-01-24,102.979782,80.593086,
2012-01-25,103.841461,80.399307,
2012-01-26,103.308754,81.465134,
2012-01-27,103.261803,81.721146,
2012-01-30,102.909279,82.683174,
2012-01-31,102.870102,83.638245,
2012-02-01,103.770943,82.680168,
2012-02-02,103.935463,82.645485,
2012-02-03,105.392502,80.869545,
2012-02-06,105.321991,81.674286,
2012-02-07,105.588348,80.66143,
2012-02-08,105.90168,80.723816,
2012-02-09,106.034836,80.120232,
2012-02-10,105.251518,81.160889,
2012-02-13,106.034836,81.264969,
2012-02-14,105.90168,81.695053,
2012-02-15,105.40815,81.549393,
2012-02-16,106.575363,80.897232,
2012-02-17,106.857361,80.876457,
2012-02-21,106.904366,79.981529,
2012-02-22,106.559677,80.987473,
2012-02-23,107.029701,80.987473,
2012-02-24,107.264709,81.514725,
2012-02-27,107.444908,82.236198,
2012-02-28,107.758202,81.965599,
2012-02-29,107.335205,81.466133,
2012-03-01,107.89138,80.699188,
2012-03-02,107.56237,81.4571,
2012-03-05,107.123703,80.810448,
2012-03-06,105.557022,81.790825,
2012-03-07,106.293381,81.290237,
2012-03-08,107.350899,80.476677,
2012-03-09,107.766045,80.636627,
2012-03-12,107.773865,80.622696,
2012-03-13,109.716629,79.204247,
2012-03-14,109.599152,77.208679,
2012-03-15,110.233604,77.326874,
2012-03-16,110.386269,77.479851,
2012-03-19,110.819016,76.555061,
2012-03-20,110.496429,76.861053,
2012-03-21,110.31546,77.730194,
2012-03-22,109.520813,77.980438,
2012-03-23,109.874847,78.717529,
2012-03-26,111.416977,78.314217,
2012-03-27,111.070763,78.877441,
2012-03-28,110.52002,78.76619,
2012-03-29,110.331169,79.357216,
2012-03-30,110.787552,78.015182,
2012-04-02,111.597931,78.447441,
2012-04-03,111.141594,77.088089,
2012-04-04,110.040108,78.147682,
2012-04-05,109.985023,78.712372,
2012-04-09,108.749748,80.552803,
2012-04-10,106.9244,81.465988,
2012-04-11,107.789871,80.490021,
2012-04-12,109.198189,80.155434,
2012-04-13,107.900047,81.452072,
2012-04-16,107.829216,81.333527,
2012-04-17,109.426407,81.284737,
2012-04-18,109.05658,81.521782,
2012-04-19,108.356377,81.598488,
2012-04-20,108.537354,81.612434,
2012-04-23,107.624641,82.204987,
2012-04-24,108.033775,81.626366,
2012-04-25,109.512917,81.208092,
2012-04-26,110.276123,81.696075,
2012-04-27,110.457115,81.765808,
2012-04-30,110.047981,81.78669,
2012-05-01,110.732483,81.362518,
2012-05-02,110.402046,81.935555,
2012-05-03,109.560135,81.914566,
2012-05-04,107.789871,82.557449,
2012-05-07,107.868538,82.571487,
2012-05-08,107.435837,83.011696,
2012-05-09,106.798553,83.067581,
2012-05-10,107.018829,82.822998,
2012-05-11,106.696243,83.507858,
2012-05-14,105.516083,84.67485,
2012-05-15,104.91021,85.017273,
2012-05-16,104.50898,85.261864,
2012-05-17,102.959015,86.771294,
2012-05-18,102.077782,86.792259,
2012-05-21,103.832321,86.610596,
2012-05-22,104.013275,85.646263,
2012-05-23,104.068359,86.240196,
2012-05-24,104.272934,85.911797,
2012-05-25,103.934647,86.233231,
2012-05-29,105.193451,85.967636,
2012-05-30,103.66713,88.147995,
2012-05-31,103.438942,89.168236,
2012-06-01,100.834656,91.285103,
2012-06-04,100.787491,90.563812,
2012-06-05,101.550667,89.352371,
2012-06-06,103.832321,87.566742,
2012-06-07,103.895309,87.699799,
2012-06-08,104.72142,87.67881,
2012-06-11,103.391731,88.077934,
2012-06-12,104.579781,87.27269,
2012-06-13,103.911003,88.133957,
2012-06-14,105.012505,88.021889,
2012-06-15,106.086502,88.512108,
2012-06-18,106.292122,88.988235,
2012-06-19,107.320267,87.825844,
2012-06-20,107.146255,88.260025,
2012-06-21,104.742035,88.729149,
2012-06-22,105.548698,87.545731,
2012-06-25,103.856255,88.820206,
2012-06-26,104.378273,88.47007,
2012-06-27,105.319374,88.6101,
2012-06-28,105.018814,88.827232,
2012-06-29,107.63662,87.671768,
2012-07-02,107.960884,88.576332,
2012-07-03,108.672661,87.895638,
2012-07-05,108.182281,88.344711,
2012-07-06,107.15419,89.16584,
2012-07-09,107.019714,89.951828,
2012-07-10,106.086502,90.13427,
2012-07-11,106.102325,90.246552,
2012-07-12,105.588242,90.885162,
2012-07-13,107.359802,90.646576,
2012-07-16,107.106728,91.067635,
2012-07-17,107.842194,90.351814,
2012-07-18,108.640991,90.400932,
2012-07-19,108.92569,90.169365,
2012-07-20,107.929245,91.271141,
2012-07-23,106.837807,91.783386,
2012-07-24,105.920441,92.506172,
2012-07-25,105.944145,92.744843,
2012-07-26,107.691948,91.895699,
2012-07-27,109.677025,90.162308,
2012-07-30,109.677025,90.836037,
2012-07-31,108.909912,91.018463,
2012-08-01,108.81498,90.563492,
2012-08-02,108.06369,91.076912,
2012-08-03,110.206909,89.607071,
2012-08-06,110.420433,89.642242,
2012-08-07,110.974068,88.488937,
2012-08-08,111.108498,88.017738,
2012-08-09,111.203415,87.954506,
2012-08-10,111.385277,88.39753,
2012-08-13,111.329933,88.249855,
2012-08-14,111.345749,87.054329,
2012-08-15,111.472267,85.830658,
2012-08-16,112.294807,85.099274,
2012-08-17,112.445007,85.514229,
2012-08-20,112.452927,85.690033,
2012-08-21,112.112907,86.069786,
2012-08-22,112.16037,87.490318,
2012-08-23,111.242928,87.856018,
2012-08-24,111.915207,87.771606,
2012-08-27,111.938904,88.284996,
2012-08-28,111.828178,88.495941,
2012-08-29,111.915207,88.109184,
2012-08-30,111.108498,88.566315,
2012-08-31,111.638351,89.818031,
2012-09-04,111.535538,89.727821,
2012-09-05,111.440643,89.305,
2012-09-06,113.702553,87.817993,
2012-09-07,114.145363,87.409264,
2012-09-10,113.496895,87.620636,
2012-09-11,113.813248,87.07093,
2012-09-12,114.192856,85.985626,
2012-09-13,115.932732,85.647362,
2012-09-14,116.446793,83.371086,
2012-09-17,116.051392,84.371826,
2012-09-18,115.956459,84.79464,
2012-09-19,116.01976,85.351418,
2012-09-20,116.027672,85.562866,
2012-09-21,115.979156,85.661476,
2012-09-24,115.80423,86.331001,
2012-09-25,114.571899,87.183708,
2012-09-26,113.927872,88.121048,
2012-09-27,115.00116,87.493851,
2012-09-28,114.468498,87.543152,
2012-10-01,114.770615,87.867973,
2012-10-02,114.889938,87.747971,
2012-10-03,115.359001,87.776222,
2012-10-04,116.185867,86.681557,
2012-10-05,116.193871,85.558655,
2012-10-08,115.796288,86.279022,
2012-10-09,114.651398,86.12365,
2012-10-10,113.919899,86.730988,
2012-10-11,113.983513,87.331291,
2012-10-12,113.609818,87.550179,
2012-10-15,114.555969,87.352432,
2012-10-16,115.716782,86.144844,
2012-10-17,116.241516,85.346809,
2012-10-18,115.9394,84.824188,
2012-10-19,114.007378,85.975319,
2012-10-22,114.02327,85.424484,
2012-10-23,112.441063,86.64624,
2012-10-24,112.123024,85.791725,
2012-10-25,112.448997,85.353851,
2012-10-26,112.385391,86.610939,
2012-10-31,112.385391,87.119469,
2012-11-01,113.562119,86.406105,
2012-11-02,112.55233,86.342583,
2012-11-05,112.782936,86.829872,
2012-11-06,113.665489,86.010643,
2012-11-07,111.089401,87.571426,
2012-11-08,109.753639,88.870789,
2012-11-09,109.84906,88.969749,
2012-11-12,109.936539,89.118004,
2012-11-13,109.554848,89.414619,
2012-11-14,108.075996,89.499374,
2012-11-15,107.893166,89.322845,
2012-11-16,108.42585,89.245163,
2012-11-19,110.6203,88.743729,
2012-11-20,110.668022,87.853889,
2012-11-21,110.874733,87.804482,
2012-11-23,112.385391,87.719704,
2012-11-26,112.146881,88.13633,
2012-11-27,111.574409,88.482384,
2012-11-28,112.472809,88.355309,
2012-11-29,112.997635,88.369446,
2012-11-30,113.021477,88.129288,
2012-12-03,112.46489,88.210724,
2012-12-04,112.305878,88.720161,
2012-12-05,112.504601,88.677727,
2012-12-06,112.886261,88.868767,
2012-12-07,113.228172,88.047943,
2012-12-10,113.275894,88.437096,
2012-12-11,114.047142,87.764862,
2012-12-12,114.102768,86.745964,
2012-12-13,113.403114,86.809601,
2012-12-14,112.981705,87.460617,
2012-12-17,114.309486,86.151535,
2012-12-18,115.581627,85.274155,
2012-12-19,114.722916,85.557137,
2012-12-20,115.382866,85.571274,
2012-12-21,114.335518,86.505356,
2012-12-24,113.983192,86.349693,
2012-12-26,113.502754,86.660301,
2012-12-27,113.350586,86.95105,
2012-12-28,112.125496,87.447479,
2012-12-31,114.03125,85.936958,
2013-01-02,116.95385,84.788086,
2013-01-03,116.689651,83.639252,
2013-01-04,117.202087,83.965492,
2013-01-07,116.881836,84.000893,
2013-01-08,116.545532,84.554054,
2013-01-09,116.841782,84.476059,
2013-01-10,117.770668,84.241997,
2013-01-11,117.762581,84.993767,
2013-01-14,117.682549,84.759735,
2013-01-15,117.762581,85.14978,
2013-01-16,117.746574,85.327042,
2013-01-17,118.507256,84.476059,
2013-01-18,118.771515,85.12851,
2013-01-22,119.412109,85.291603,
2013-01-23,119.60424,85.163956,
2013-01-24,119.636307,84.866066,
2013-01-25,120.308937,83.703056,
2013-01-28,120.164795,83.398163,
2013-01-29,120.637215,82.937157,
2013-01-30,120.164795,82.795311,
2013-01-31,119.868546,83.199577,
2013-02-01,121.101608,82.119209,
2013-02-04,119.740372,83.17115,
2013-02-05,120.949493,82.431938,
2013-02-06,121.037575,83.107132,
2013-02-07,120.877434,82.922356,
2013-02-08,121.54998,83.242218,
2013-02-11,121.526047,83.178207,
2013-02-12,121.726181,82.972084,
2013-02-13,121.830338,82.296898,
2013-02-14,121.942368,83.043159,
2013-02-15,121.798256,82.801567,
2013-02-19,122.711105,82.389343,
2013-02-20,121.181755,82.638031,
2013-02-21,120.445007,83.121399,
2013-02-22,121.622093,83.178207,
2013-02-25,119.307983,84.812935,
2013-02-26,120.124794,84.322548,
2013-02-27,121.638084,84.073792,
2013-02-28,121.397903,84.230133,
2013-03-01,121.798256,84.688858,
2013-03-04,122.446823,84.240089,
2013-03-05,123.543869,83.99794,
2013-03-06,123.711975,83.235794,
2013-03-07,123.93615,82.594734,
2013-03-08,124.464699,81.732933,
2013-03-11,124.937119,81.811287,
2013-03-12,124.65683,82.402451,
2013-03-13,124.832993,82.316963,
2013-03-14,125.497589,82.067673,
2013-03-15,125.331932,82.452347,
2013-03-18,124.640236,83.079079,
2013-03-19,124.350723,83.6418,
2013-03-20,125.219353,82.708717,
2013-03-21,124.149673,83.50647,
2013-03-22,125.146957,83.570587,
2013-03-25,124.624207,83.492218,
2013-03-26,125.621483,83.591949,
2013-03-27,125.621483,84.304169,
2013-03-28,126.007568,83.876839,
2013-04-01,125.508896,84.508591,
2013-04-02,126.128189,84.165977,
2013-04-03,124.849434,84.922546,
2013-04-04,125.356033,85.936195,
2013-04-05,124.793114,87.670807,
2013-04-08,125.637543,86.999786,
2013-04-09,126.071877,86.785629,
2013-04-10,127.616112,85.593575,
2013-04-11,128.034317,85.757759,
2013-04-12,127.720657,87.035446,
2013-04-15,124.760872,87.792107,
2013-04-16,126.602707,87.071144,
2013-04-17,124.752846,87.649353,
2013-04-18,123.972687,87.863495,
2013-04-19,125.050461,87.677925,
2013-04-22,125.605438,87.742149,
2013-04-23,126.900284,87.435226,
2013-04-24,126.98069,87.656494,
2013-04-25,127.495461,87.278175,
2013-04-26,127.270271,88.077637,
2013-04-29,128.122803,87.756424,
2013-04-30,128.428406,87.806435,
2013-05-01,127.302406,88.708427,
2013-05-02,128.484711,88.593956,
2013-05-03,129.787689,86.505226,
2013-05-06,130.117416,86.290565,
2013-05-07,130.776932,85.95443,
2013-05-08,131.372116,86.090324,
2013-05-09,131.002151,85.868553,
2013-05-10,131.428482,84.94577,
2013-05-13,131.532944,84.294853,
2013-05-14,132.892273,83.379204,
2013-05-15,133.608017,83.937187,
2013-05-16,132.980682,84.809883,
2013-05-17,134.267593,83.736839,
2013-05-20,134.259476,83.636703,
2013-05-21,134.452499,84.294853,
2013-05-22,133.4552,83.042946,
2013-05-23,133.069153,83.436432,
2013-05-24,132.956619,83.550888,
2013-05-28,133.752838,81.433502,
2013-05-29,132.884155,82.349136,
2013-05-30,133.374786,82.148796,
2013-05-31,131.460602,81.86985,
2013-06-03,132.184402,82.303658,
2013-06-04,131.549103,81.543579,
2013-06-05,129.70726,82.669357,
2013-06-06,130.8815,82.619141,
2013-06-07,132.546371,81.142052,
2013-06-10,132.546371,80.754837,
2013-06-11,131.179108,81.715675,
2013-06-12,130.093292,80.546875,
2013-06-13,132.071854,81.808876,
2013-06-14,131.243454,81.615341,
2013-06-17,132.256821,81.185066,
2013-06-18,133.302383,81.228096,
2013-06-19,131.460602,80.389153,
2013-06-20,128.203232,79.069725,
2013-06-21,128.614777,77.728836,
2013-06-24,126.989639,78.051544,
2013-06-25,128.21048,77.35598,
2013-06-26,129.479874,77.857918,
2013-06-27,130.239975,78.653816,
2013-06-28,129.706314,79.19165,
2013-07-01,130.466339,79.351143,
2013-07-02,130.345078,79.300858,
2013-07-03,130.401688,79.063705,
2013-07-05,131.808563,76.368591,
2013-07-08,132.560501,77.108856,
2013-07-09,133.514542,77.18792,
2013-07-10,133.563095,76.584229,
2013-07-11,135.382339,77.482552,
2013-07-12,135.438858,77.417923,
2013-07-15,135.956329,77.827538,
2013-07-16,135.446991,78.093506,
2013-07-17,135.794632,78.237206,
2013-07-18,136.538513,77.259796,
2013-07-19,136.781036,78.481575,
2013-07-22,137.047867,78.596581,
2013-07-23,136.756805,78.265961,
2013-07-24,136.255569,77.274155,
2013-07-25,136.58699,77.245422,
2013-07-26,136.732513,77.719749,
2013-07-29,136.312119,77.151978,
2013-07-30,136.312119,77.123192,
2013-07-31,136.409134,77.403519,
2013-08-01,137.985825,75.912064,
2013-08-02,138.220261,76.747887,
2013-08-05,138.018204,76.157089,
2013-08-06,137.233856,76.380463,
2013-08-07,136.789154,76.949631,
2013-08-08,137.290451,77.158577,
2013-08-09,136.894287,77.281036,
2013-08-12,136.732513,76.755081,
2013-08-13,137.136826,75.645493,
2013-08-14,136.43338,75.760803,
2013-08-15,134.525238,74.737701,
2013-08-16,134.080505,74.47831,
2013-08-19,133.223465,73.829811,
2013-08-20,133.878418,74.399048,
2013-08-21,133.053726,73.584854,
2013-08-22,134.266464,74.334183,
2013-08-23,134.719299,75.141167,
2013-08-26,134.217972,75.515816,
2013-08-27,132.059189,76.46685,
2013-08-28,132.528122,75.847244,
2013-08-29,132.738388,76.452477,
2013-08-30,132.317871,76.366013,
2013-09-03,132.916199,75.288872,
2013-09-04,134.015884,75.122749,
2013-09-05,134.185593,74.075203,
2013-09-06,134.25029,74.443733,
2013-09-09,135.535904,74.47979,
2013-09-10,136.538513,73.959671,
2013-09-11,136.966995,74.617065,
2013-09-12,136.60318,74.515923,
2013-09-13,136.910416,74.804916,
2013-09-16,137.702805,74.30645,
2013-09-17,138.317261,74.920479,
2013-09-18,139.918213,75.845154,
2013-09-19,139.683655,75.397255,
2013-09-20,138.707092,75.794586,
2013-09-23,138.065247,76.350815,
2013-09-24,137.740234,77.174385,
2013-09-25,137.342209,77.33329,
2013-09-26,137.87027,76.791496,
2013-09-27,137.236511,76.979301,
2013-09-30,136.505341,76.863777,
2013-10-01,137.585861,76.630501,
2013-10-02,137.455933,76.746376,
2013-10-03,136.1884,76.623276,
2013-10-04,137.220291,76.565292,
2013-10-07,136.034088,76.876778,
2013-10-08,134.449738,76.898499,
2013-10-09,134.547241,76.282845,
2013-10-10,137.447784,76.40596,
2013-10-11,138.33342,76.38427,
2013-10-14,138.885864,75.7686,
2013-10-15,137.878403,75.717926,
2013-10-16,139.804001,76.666725,
2013-10-17,140.738342,77.362076,
2013-10-18,141.689011,77.528656,
2013-10-21,141.697052,77.282364,
2013-10-22,142.517685,78.144295,
2013-10-23,141.835129,78.448502,
2013-10-24,142.306427,78.144295,
2013-10-25,142.956421,78.434021,
2013-10-28,143.183838,78.166061,
2013-10-29,143.947601,78.267433,
2013-10-30,143.232666,77.796616,
2013-10-31,142.826385,77.963249,
2013-11-01,143.167648,77.119316,
2013-11-04,143.671387,77.191963,
2013-11-05,143.216431,76.269653,
2013-11-06,143.947601,76.305946,
2013-11-07,142.127686,76.952271,
2013-11-08,144.045105,75.10041,
2013-11-11,144.069504,74.817162,
2013-11-12,143.777008,75.16571,
2013-11-13,144.930725,75.441727,
2013-11-14,145.653824,75.906487,
2013-11-15,146.287567,76.059044,
2013-11-18,145.775681,76.516556,
2013-11-19,145.458817,75.935555,
2013-11-20,145.003906,74.642822,
2013-11-21,146.173813,74.766319,
2013-11-22,146.905075,75.463554,
2013-11-25,146.758835,75.681381,
2013-11-26,146.799454,75.964622,
2013-11-27,147.156937,75.833893,
2013-11-29,147.059402,75.855675,
2013-12-02,146.677628,75.265686,
2013-12-03,146.043777,75.542496,
2013-12-04,146.027573,74.821327,
2013-12-05,145.385727,74.6101,
2013-12-06,147.010757,74.967026,
2013-12-09,147.384445,75.141838,
2013-12-10,146.856323,75.680908,
2013-12-11,145.20697,75.098122,
2013-12-12,144.727615,74.814079,
2013-12-13,144.711365,75.178276,
2013-12-16,145.613235,74.901497,
2013-12-17,145.15007,75.236534,
2013-12-18,147.628174,74.857758,
2013-12-19,147.45755,74.78495,
2013-12-20,148.315292,75.935791,
2013-12-23,149.107666,75.506058,
2013-12-24,149.434418,74.901497,
2013-12-26,150.194122,74.612785,
2013-12-27,150.186005,74.400894,
2013-12-30,150.161469,74.912437,
2013-12-31,150.872192,74.437447,
2014-01-02,149.4263,74.663986,
2014-01-03,149.40181,74.663986,
2014-01-06,148.96875,74.978203,
2014-01-07,149.883759,75.168205,
2014-01-08,149.916443,74.963562,
2014-01-09,150.01442,75.402039,
2014-01-10,150.422882,76.300926,
2014-01-13,148.421509,76.680954,
2014-01-14,150.038925,76.330177,
2014-01-15,150.847672,76.249802,
2014-01-16,150.651581,76.761322,
2014-01-17,150.01442,77.082878,
2014-01-21,150.455536,77.141357,
2014-01-22,150.553574,76.951355,
2014-01-23,149.320053,78.040169,
2014-01-24,146.134216,78.544388,
2014-01-27,145.415298,77.996361,
2014-01-28,146.28125,78.186378,
2014-01-29,144.87619,78.829422,
2014-01-30,146.411942,78.602875,
2014-01-31,145.554214,79.129089,
2014-02-03,142.278458,80.093178,
2014-02-04,143.275101,79.243362,
2014-02-05,143.095337,78.510735,
2014-02-06,144.982376,78.173676,
2014-02-07,146.779556,78.239632,
2014-02-10,147.049149,78.459389,
2014-02-11,148.658356,78.005157,
2014-02-12,148.731949,77.602211,
2014-02-13,149.499802,78.041786,
2014-02-14,150.32486,78.085716,
2014-02-18,150.504593,78.261566,
2014-02-19,149.50798,77.931908,
2014-02-20,150.390289,77.741394,
2014-02-21,150.218689,78.151695,
2014-02-24,151.051865,77.953903,
2014-02-25,150.994705,78.649879,
2014-02-26,151.002899,79.067505,
2014-02-27,151.795273,79.499779,
2014-02-28,152.17926,79.543732,
2014-03-03,151.10907,80.074738,
2014-03-04,153.233063,78.870216,
2014-03-05,153.371841,79.039185,
2014-03-06,153.723129,78.260689,
2014-03-07,153.788513,77.768623,
2014-03-10,153.706757,77.878784,
2014-03-11,152.947098,78.084435,
2014-03-12,152.98793,78.627884,
2014-03-13,151.272415,79.685455,
2014-03-14,150.847672,79.700165,
2014-03-17,152.211914,79.105263,
2014-03-18,153.29834,79.391701,
2014-03-19,152.481461,78.774773,
2014-03-20,153.371841,78.635239,
2014-03-21,152.777069,79.487175,
2014-03-24,152.145203,80.052704,
2014-03-25,152.867249,79.751602,
2014-03-26,151.767792,80.375832,
2014-03-27,151.44783,80.779793,
2014-03-28,152.194489,80.324432,
2014-03-31,153.441589,80.12616,
2014-04-01,154.459061,79.44136,
2014-04-02,154.975906,78.984909,
2014-04-03,154.770813,79.330872,
2014-04-04,152.941147,79.861038,
2014-04-07,151.25087,80.339691,
2014-04-08,151.874466,80.531136,
2014-04-09,153.507248,80.133484,
2014-04-10,150.2827,80.877121,
2014-04-11,148.928864,81.532539,
2014-04-14,150.102234,81.318962,
2014-04-15,151.136017,81.827057,
2014-04-16,152.719604,81.930107,
2014-04-17,152.932922,81.031784,
2014-04-21,153.466232,80.965591,
2014-04-22,154.163605,81.237953,
2014-04-23,153.802643,81.701859,
2014-04-24,154.114365,81.856461,
2014-04-25,152.850861,81.974289,
2014-04-28,153.334976,81.576706,
2014-04-29,154.048813,81.466255,
2014-04-30,154.508255,81.804863,
2014-05-01,154.524689,82.682541,
2014-05-02,154.303085,83.191841,
2014-05-05,154.598557,82.689934,
2014-05-06,153.252914,83.022072,
2014-05-07,154.155457,82.726799,
2014-05-08,153.991318,82.372528,
2014-05-09,154.2211,82.106842,
2014-05-12,155.72261,81.774635,
2014-05-13,155.862106,82.483276,
2014-05-14,155.123642,83.376366,
2014-05-15,153.761597,84.040672,
2014-05-16,154.294907,83.804466,
2014-05-19,154.861099,83.184433,
2014-05-20,153.884705,83.368973,
2014-05-21,155.181091,82.859734,
2014-05-22,155.558472,82.741577,
2014-05-23,156.182098,83.184433,
2014-05-27,157.142105,83.671608,
2014-05-28,157.027206,84.704926,
2014-05-29,157.839539,84.254707,
2014-05-30,158.093842,84.217743,
2014-06-02,158.274353,83.591705,
2014-06-03,158.192291,82.563087,
2014-06-04,158.512329,82.540955,
2014-06-05,159.546127,82.577911,
2014-06-06,160.309219,82.577911,
2014-06-09,160.473328,82.459557,
2014-06-10,160.4897,82.156105,
2014-06-11,159.931763,82.304138,
2014-06-12,158.799515,83.036743,
2014-06-13,159.283554,82.992355,
2014-06-16,159.414856,83.19957,
2014-06-17,159.857941,82.540955,
2014-06-18,161.031219,83.177345,
2014-06-19,161.211746,82.111748,
2014-06-20,161.539032,82.733383,
2014-06-23,161.489624,82.474342,
2014-06-24,160.516693,83.310585,
2014-06-25,161.242249,83.525162,
2014-06-26,161.126846,83.924767,
2014-06-27,161.440125,83.798943,
2014-06-30,161.357681,84.006126,
2014-07-01,162.437683,83.302811,
2014-07-02,162.602585,82.412498,
2014-07-03,163.402283,82.115715,
2014-07-07,162.833405,82.71669,
2014-07-08,161.786362,83.644073,
2014-07-09,162.511902,83.710884,
2014-07-10,161.86879,83.733124,
2014-07-11,162.091415,84.267288,
2014-07-14,162.907623,83.903778,
2014-07-15,162.602585,83.733124,
2014-07-16,163.204407,84.178246,
2014-07-17,161.349503,85.239197,
2014-07-18,162.998337,84.964722,
2014-07-21,162.693283,85.387634,
2014-07-22,163.402283,85.565712,
2014-07-23,163.764954,85.454369,
2014-07-24,163.77327,84.816307,
2014-07-25,163.006577,85.81794,
2014-07-28,163.072525,85.699211,
2014-07-29,162.371689,86.010818,
2014-07-30,162.396439,84.816307,
2014-07-31,159.189392,84.564102,
2014-08-01,158.702972,85.218689,
2014-08-04,159.848999,84.995506,
2014-08-05,158.299072,85.270714,
2014-08-06,158.34848,85.322845,
2014-08-07,157.491028,86.118782,
2014-08-08,159.31308,85.932838,
2014-08-11,159.77475,85.925385,
2014-08-12,159.55217,85.367455,
2014-08-13,160.632156,85.925385,
2014-08-14,161.390656,86.617195,
2014-08-15,161.357681,87.561951,
2014-08-18,162.709732,86.691582,
2014-08-19,163.558868,86.423782,
2014-08-20,163.995865,86.282448,
2014-08-21,164.473953,86.765938,
2014-08-22,164.218414,87.249489,
2014-08-25,165.051132,87.576797,
2014-08-26,165.158279,87.294128,
2014-08-27,165.092361,88.037994,
2014-08-28,165.001633,88.499168,
2014-08-29,165.471603,88.558685,
2014-09-02,165.389145,87.031029,
2014-09-03,165.298477,87.515656,
2014-09-04,165.059341,86.449493,
2014-09-05,165.801346,86.285477,
2014-09-08,165.372681,86.322716,
2014-09-09,164.325668,86.255615,
2014-09-10,164.943954,85.711365,
2014-09-11,165.133591,85.428024,
2014-09-12,164.168991,84.533348,
2014-09-15,164.045334,84.660072,
2014-09-16,165.282013,84.317093,
2014-09-17,165.504578,84.100906,
2014-09-18,166.386719,84.369308,
2014-09-19,166.23674,85.442955,
2014-09-22,164.952896,85.547356,
2014-09-23,164.008698,86.076675,
2014-09-24,165.292511,85.599533,
2014-09-25,162.625458,86.613495,
2014-09-26,163.917587,86.486786,
2014-09-29,163.619431,87.18013,
2014-09-30,163.18866,86.688087,
2014-10-01,160.977203,88.369011,
2014-10-02,161.002029,87.599182,
2014-10-03,162.774551,87.97287,
2014-10-06,162.584106,88.0252,
2014-10-07,160.074371,89.213638,
2014-10-08,162.873962,89.236053,
2014-10-09,159.643616,88.847397,
2014-10-10,157.82135,89.729385,
2014-10-13,155.228882,90.275002,
2014-10-14,155.469116,90.86544,
2014-10-15,154.41716,91.583,
2014-10-16,154.284592,90.999992,
2014-10-17,156.106827,90.49173,
2014-10-20,157.622665,90.820625,
2014-10-21,160.745285,90.095642,
2014-10-22,159.602203,90.19278,
2014-10-23,161.457565,89.393021,
2014-10-24,162.700012,89.482704,
2014-10-27,162.476379,89.647118,
2014-10-28,164.340012,89.086594,
2014-10-29,164.091476,89.288406,
2014-10-30,165.143448,89.363136,
2014-10-31,167.031921,89.131439,
2014-11-03,167.123047,89.131416,
2014-11-04,166.543274,89.40863,
2014-11-05,167.595184,89.281288,
2014-11-06,168.266098,88.704323,
2014-11-07,168.423431,89.723335,
2014-11-10,168.953613,88.899147,
2014-11-11,169.119202,88.959106,
2014-11-12,168.936966,88.884193,
2014-11-13,169.127518,89.093994,
2014-11-14,169.168945,89.528542,
2014-11-17,169.276566,89.30378,
2014-11-18,170.253967,89.550972,
2014-11-19,169.980637,88.981598,
2014-11-20,170.278809,89.446083,
2014-11-21,171.189926,89.985527,
2014-11-24,171.670334,90.060486,
2014-11-25,171.546051,90.809784,
2014-11-26,171.985046,91.056992,
2014-11-28,171.620651,91.776299,
2014-12-01,170.427948,91.240875,
2014-12-02,171.529541,90.354759,
2014-12-03,172.192139,90.707657,
2014-12-04,172.001648,91.466171,
2014-12-05,172.283264,90.932976,
2014-12-08,171.131958,92.044418,
2014-12-09,171.015945,92.517479,
2014-12-10,168.274353,93.193344,
2014-12-11,169.127518,93.576302,
2014-12-12,166.39415,94.845398,
2014-12-15,165.251068,94.650215,
2014-12-16,163.925934,95.821678,
2014-12-17,167.139603,94.958061,
2014-12-18,171.272797,93.268417,
2014-12-19,172.001526,94.522514,
2014-12-22,172.792725,94.650215,
2014-12-23,173.025894,92.772797,
2014-12-24,173.042572,93.277756,
2014-12-26,173.600616,93.623917,
2014-12-29,173.833801,94.323784,
2014-12-30,172.900986,94.579666,
2014-12-31,171.185303,94.760277,
2015-01-02,171.093674,95.813828,
2015-01-05,168.003799,97.31897,
2015-01-06,166.421402,99.072357,
2015-01-07,168.495193,98.876701,
2015-01-08,171.485107,97.567245,
2015-01-09,170.110947,98.635902,
2015-01-12,168.778397,99.200272,
2015-01-13,168.303635,99.200272,
2015-01-14,167.287491,99.95285,
2015-01-15,165.755081,101.525589,
2015-01-16,167.928818,100.231308,
2015-01-20,168.286957,101.563232,
2015-01-21,169.13652,100.389305,
2015-01-22,171.651733,100.02813,
2015-01-23,170.710602,101.42028,
2015-01-26,171.110321,101.111725,
2015-01-27,168.853317,101.269783,
2015-01-28,166.687866,102.925346,
2015-01-29,168.228653,102.248062,
2015-01-30,166.113235,104.061729,
2015-02-02,168.170349,103.668854,
2015-02-03,170.602341,101.474564,
2015-02-04,169.952667,101.647949,
2015-02-05,171.668365,100.531876,
2015-02-06,171.19368,98.752388,
2015-02-09,170.427429,98.593956,
2015-02-10,172.243011,97.809769,
2015-02-11,172.342926,97.990738,
2015-02-12,174.000366,97.666496,
2015-02-13,174.71669,96.663597,
2015-02-17,174.991486,95.208237,
2015-02-18,175.008087,95.773811,
2015-02-19,174.883194,95.140396,
2015-02-20,175.932602,95.419373,
2015-02-23,175.907623,96.512772,
2015-02-24,176.407333,97.779572,
2015-02-25,176.25737,98.201912,
2015-02-26,176.04921,96.859634,
2015-02-27,175.449524,97.674019,
2015-03-02,176.557236,95.854683,
2015-03-03,175.832672,95.507141,
2015-03-04,175.09137,95.537338,
2015-03-05,175.282974,95.416451,
2015-03-06,172.817749,93.30854,
2015-03-09,173.533936,94.169868,
2015-03-10,170.718918,95.40892,
2015-03-11,170.319138,96.104042,
2015-03-12,172.484589,96.036095,
2015-03-13,171.426804,95.741333,
2015-03-16,173.717224,96.663094,
2015-03-17,173.200806,97.464012,
2015-03-18,175.282974,99.345253,
2015-03-19,174.483444,98.839081,
2015-03-20,176.02359,99.36039,
2015-03-23,175.680573,99.23951,
2015-03-24,174.69342,100.199043,
2015-03-25,172.133469,99.352837,
2015-03-26,171.723557,97.80397,
2015-03-27,172.11676,99.020393,
2015-03-30,174.216537,98.529282,
2015-03-31,172.693985,98.740868,
2015-04-01,172.083282,100.037758,
2015-04-02,172.702377,98.977798,
2015-04-06,173.865234,98.425072,
2015-04-07,173.40506,99.250389,
2015-04-08,173.990646,99.280647,
2015-04-09,174.76033,97.993561,
2015-04-10,175.71405,98.137405,
2015-04-13,174.919281,98.273666,
2015-04-14,175.253952,98.970222,
2015-04-15,176.040268,98.886986,
2015-04-16,175.990143,98.394844,
2015-04-17,173.965607,99.522934,
2015-04-20,175.555054,98.644676,
2015-04-21,175.345917,98.197983,
2015-04-22,176.207596,96.698906,
2015-04-23,176.650986,97.115318,
2015-04-24,177.060898,97.721054,
2015-04-27,176.324783,97.721054,
2015-04-28,176.885223,96.373322,
2015-04-29,176.157455,95.192245,
2015-04-30,174.392303,95.358803,
2015-05-01,176.282883,94.075104,
2015-05-04,176.784805,93.187477,
2015-05-05,174.76033,93.058533,
2015-05-06,174.040924,91.465302,
2015-05-07,174.735184,92.694374,
2015-05-08,177.035873,92.944664,
2015-05-11,176.190842,90.683823,
2015-05-12,175.663803,90.919083,
2015-05-13,175.697296,90.190735,
2015-05-14,177.529404,90.43354,
2015-05-15,177.721756,92.24675,
2015-05-18,178.273956,90.699059,
2015-05-19,178.215332,89.894836,
2015-05-20,178.08992,90.046562,
2015-05-21,178.608551,91.305969,
2015-05-22,178.181931,91.343887,
2015-05-26,176.266144,92.906761,
2015-05-27,177.939316,93.119179,
2015-05-28,177.73851,92.891556,
2015-05-29,176.634232,93.096428,
2015-06-01,176.993973,92.095924,
2015-06-02,176.818314,90.811012,
2015-06-03,177.286804,89.351173,
2015-06-04,175.789291,90.514465,
2015-06-05,175.48819,89.41201,
2015-06-08,174.408966,89.313171,
2015-06-09,174.383865,88.606102,
2015-06-10,176.475311,87.830582,
2015-06-11,177.044174,89.678108,
2015-06-12,175.68895,89.678108,
2015-06-15,174.935989,89.822578,
2015-06-16,175.889725,90.529655,
2015-06-17,176.174133,89.830154,
2015-06-18,178.006256,89.38916,
2015-06-19,177.216064,90.537209,
2015-06-22,178.123917,88.689743,
2015-06-23,178.250015,88.157478,
2015-06-24,176.955399,88.917824,
2015-06-25,176.417435,88.606102,
2015-06-26,176.383804,87.61013,
2015-06-29,172.684982,89.929016,
2015-06-30,173.046417,89.305534,
2015-07-01,174.433456,88.10009,
2015-07-02,174.273804,88.389641,
2015-07-06,173.777786,90.027901,
2015-07-07,174.870667,90.873741,
2015-07-08,171.936798,91.658569,
2015-07-09,172.247833,89.852684,
2015-07-10,174.416656,88.427773,
2015-07-13,176.341782,88.153419,
2015-07-14,177.106766,88.442986,
2015-07-15,177.047867,89.380234,
2015-07-16,178.468567,89.997406,
2015-07-17,178.619904,90.462234,
2015-07-20,178.712387,90.081291,
2015-07-21,178.006226,90.568916,
2015-07-22,177.686783,91.13279,
2015-07-23,176.686386,92.26815,
2015-07-24,174.853821,92.496742,
2015-07-27,173.836639,92.991997,
2015-07-28,175.971863,92.313828,
2015-07-29,177.18248,91.970993,
2015-07-30,177.224472,92.679619,
2015-07-31,176.955399,93.365372,
2015-08-03,176.358582,94.348198,
2015-08-04,176.01387,93.599808,
2015-08-05,176.593964,92.897301,
2015-08-06,175.148056,93.722,
2015-08-07,174.811813,94.951477,
2015-08-10,177.014297,93.775421,
2015-08-11,175.417068,95.264572,
2015-08-12,175.627197,94.745255,
2015-08-13,175.408646,94.439827,
2015-08-14,176.047516,94.661293,
2015-08-17,177.031067,95.088928,
2015-08-18,176.518295,94.340576,
2015-08-19,175.122849,95.272194,
2015-08-20,171.466064,96.23439,
2015-08-21,166.304489,96.524605,
2015-08-24,159.30188,96.494011,
2015-08-25,157.427292,94.943825,
2015-08-26,163.471558,93.111076,
2015-08-27,167.51503,93.164581,
2015-08-28,167.523422,93.439468,
2015-08-31,166.169952,92.721626,
2015-09-01,161.210205,93.38974,
2015-09-02,164.270111,92.586174,
2015-09-03,164.387817,93.037689,
2015-09-04,161.899536,93.887177,
2015-09-08,165.968231,92.502007,
2015-09-09,163.748932,92.945854,
2015-09-10,164.639999,92.318283,
2015-09-11,165.388153,92.89994,
2015-09-14,164.774521,93.045349,
2015-09-15,166.834091,91.262222,
2015-09-16,168.279953,90.917816,
2015-09-17,167.901718,92.027534,
2015-09-18,165.157928,93.443336,
2015-09-21,166.011383,91.920372,
2015-09-22,163.856613,93.198425,
2015-09-23,163.594666,93.190781,
2015-09-24,163.003189,93.825951,
2015-09-25,162.960922,93.014748,
2015-09-28,158.871063,94.606583,
2015-09-29,158.963959,94.874428,
2015-09-30,161.930054,94.545349,
2015-10-01,162.352493,94.948723,
2015-10-02,164.777695,95.52388,
2015-10-05,167.709854,94.227875,
2015-10-06,167.135269,94.634315,
2015-10-07,168.504181,94.319893,
2015-10-08,170.025192,93.529976,
2015-10-09,170.126602,93.775383,
2015-10-12,170.287155,94.488579,
2015-10-13,169.214005,94.649666,
2015-10-14,168.402817,95.477936,
2015-10-15,170.988556,95.010056,
2015-10-16,171.765945,95.040741,
2015-10-19,171.850464,94.78006,
2015-10-20,171.630768,94.197189,
2015-10-21,170.566055,95.13279,
2015-10-22,173.447525,95.293816,
2015-10-23,175.348801,94.480904,
2015-10-26,174.917877,95.109802,
2015-10-27,174.579849,95.347534,
2015-10-28,176.565613,94.964058,
2015-10-29,176.464218,93.453339,
2015-10-30,175.703705,94.158806,
2015-11-02,177.782394,93.726158,
2015-11-03,178.297852,92.957565,
2015-11-04,177.75708,93.065186,
2015-11-05,177.579666,92.819244,
2015-11-06,177.486664,91.458847,
2015-11-09,175.83046,90.943954,
2015-11-10,176.236084,91.212982,
2015-11-11,175.543137,91.020798,
2015-11-12,173.092621,91.458847,
2015-11-13,171.149078,91.981499,
2015-11-16,173.751678,91.89695,
2015-11-17,173.624939,92.050652,
2015-11-18,176.379761,92.242813,
2015-11-19,176.227585,92.857643,
2015-11-20,176.869843,92.573341,
2015-11-23,176.667068,92.857643,
2015-11-24,176.903625,92.849976,
2015-11-25,176.878281,93.065186,
2015-11-27,177.081116,92.972946,
2015-11-30,176.345901,93.341873,
2015-12-01,178.027496,94.602669,
2015-12-02,176.210709,94.633453,
2015-12-03,173.743286,92.061028,
2015-12-04,177.131805,92.86969,
2015-12-07,176.058624,93.770851,
2015-12-08,174.87558,93.817039,
2015-12-09,173.515137,93.716949,
2015-12-10,173.962952,93.840164,
2015-12-11,170.591354,95.318947,
2015-12-14,171.453262,94.086647,
2015-12-15,173.253143,93.532074,
2015-12-16,175.788177,93.331848,
2015-12-17,173.109558,94.387016,
2015-12-18,170.025574,94.910744,
2015-12-21,171.428131,94.887604,
2015-12-22,172.983749,94.202171,
2015-12-23,175.125854,93.493568,
2015-12-24,174.836853,94.029205,
2015-12-28,174.437286,94.307053,
2015-12-29,176.298889,92.740326,
2015-12-30,175.049347,92.647644,
2015-12-31,173.298279,93.064453,
2016-01-04,170.875595,93.735939,
2016-01-05,171.164612,93.357742,
2016-01-06,169.005493,94.615807,
2016-01-07,164.950806,94.785622,
2016-01-08,163.140228,95.21006,
2016-01-11,163.301743,94.168152,
2016-01-12,164.619263,95.526505,
2016-01-13,160.51358,96.46814,
2016-01-14,163.148712,95.56514,
2016-01-15,159.64653,97.054733,
2016-01-19,159.859085,96.75367,
2016-01-20,157.81044,97.772476,
2016-01-21,158.694519,97.108749,
2016-01-22,161.950165,96.738266,
2016-01-25,159.50206,97.263084,
2016-01-26,161.678146,97.309387,
2016-01-27,159.918549,97.286232,
2016-01-28,160.751572,97.42514,
2016-01-29,164.670288,98.251015,
2016-02-01,164.610794,97.950226,
2016-02-02,161.64418,99.76738,
2016-02-03,162.61322,98.94001,
2016-02-04,162.868179,99.419411,
2016-02-05,159.765564,99.53537,
2016-02-08,157.614899,101.677444,
2016-02-09,157.623459,101.785637,
2016-02-10,157.487442,102.682617,
2016-02-11,155.438828,103.401749,
2016-02-12,158.643509,101.685081,
2016-02-16,161.321091,100.610245,
2016-02-17,163.956238,99.991623,
2016-02-18,163.284714,101.221115,
2016-02-19,163.208237,101.306213,
2016-02-22,165.57135,101.252083,
2016-02-23,163.480225,101.661888,
2016-02-24,164.228271,101.460846,
2016-02-25,166.217392,101.82428,
2016-02-26,165.834869,100.842255,
2016-02-29,164.534241,101.282936,
2016-03-01,168.401993,99.499512,
2016-03-02,169.158554,99.910118,
2016-03-03,169.821503,100.274254,
2016-03-04,170.374084,99.631241,
2016-03-07,170.510086,99.600266,
2016-03-08,168.648468,100.700356,
2016-03-09,169.481552,100.088348,
2016-03-10,169.617554,99.677734,
2016-03-11,172.354645,98.670593,
2016-03-14,172.133667,98.980453,
2016-03-15,171.853165,99.073448,
2016-03-16,172.847733,99.367836,
2016-03-17,173.944229,99.778442,
2016-03-18,174.627853,99.987617,
2016-03-21,174.875565,99.220604,
2016-03-22,174.781631,99.197426,
2016-03-23,173.628143,100.320786,
2016-03-24,173.551208,100.359489,
2016-03-28,173.653687,100.491211,
2016-03-29,175.260056,101.544823,
2016-03-30,176.029068,100.475723,
2016-03-31,175.601822,101.188454,
2016-04-01,176.797989,101.452454,
2016-04-04,176.225571,101.514511,
2016-04-05,174.465454,102.624748,
2016-04-06,176.370819,101.879402,
2016-04-07,174.260361,103.137077,
2016-04-08,174.730286,102.484947,
2016-04-11,174.320206,102.352982,
2016-04-12,175.943634,101.646492,
2016-04-13,177.720825,102.003639,
2016-04-14,177.72934,101.514511,
2016-04-15,177.532837,102.384041,
2016-04-18,178.78035,101.941551,
2016-04-19,179.344238,101.623238,
2016-04-20,179.515121,100.505325,
2016-04-21,178.549622,99.907516,
2016-04-22,178.549622,99.651291,
2016-04-25,178.242004,99.239861,
2016-04-26,178.506912,98.789574,
2016-04-27,178.874268,99.775543,
2016-04-28,177.250885,100.186996,
2016-04-29,176.29393,100.443199,
2016-05-02,177.69516,99.431908,
2016-05-03,176.148697,100.684326,
2016-05-04,175.166122,101.236633,
2016-05-05,175.131912,101.913429,
2016-05-06,175.77272,101.477844,
2016-05-09,175.917984,101.796707,
2016-05-10,178.105286,101.804504,
2016-05-11,176.439194,102.380188,
2016-05-12,176.490463,101.913429,
2016-05-13,174.952454,102.901367,
2016-05-16,176.678375,102.014549,
2016-05-17,175.029419,102.185669,
2016-05-18,175.080627,100.73098,
2016-05-19,174.473999,101.166626,
2016-05-20,175.576218,101.244385,
2016-05-23,175.337006,101.469963,
2016-05-24,177.609756,101.018852,
2016-05-25,178.814499,100.637665,
2016-05-26,178.865753,101.158836,
2016-05-27,179.634766,101.011047,
2016-05-31,179.292969,101.252235,
2016-06-01,179.66037,101.662987,
2016-06-02,180.207199,102.395744,
2016-06-03,179.668915,103.853409,
2016-06-06,180.58316,103.081696,
2016-06-07,180.865143,103.331184,
2016-06-08,181.454666,103.884605,
2016-06-09,181.206879,104.554955,
2016-06-10,179.489502,105.061653,
2016-06-13,178.105286,105.52932,
2016-06-14,177.75499,105.451408,
2016-06-15,177.507172,105.856766,
2016-06-16,178.037018,106.371216,
2016-06-17,177.373932,105.708626,
2016-06-20,178.516251,104.578354,
2016-06-21,179.022934,104.095032,
2016-06-22,178.730927,104.266571,
2016-06-23,181.058487,103.073936,
2016-06-24,174.556839,105.841148,
2016-06-27,171.430511,108.483704,
2016-06-28,174.522415,108.709755,
2016-06-29,177.494202,107.87561,
2016-06-30,179.916214,108.273186,
2016-07-01,180.294098,109.776512,
2016-07-05,178.997147,111.150978,
2016-07-06,180.070786,111.330612,
2016-07-07,179.959137,111.3228,
2016-07-08,182.638763,112.142731,
2016-07-11,183.282944,111.158775,
2016-07-12,184.614197,109.331375,
2016-07-13,184.588394,110.619904,
2016-07-14,185.619064,109.011192,
2016-07-15,185.370026,108.07402,
2016-07-18,185.868118,107.972549,
2016-07-19,185.679199,108.581627,
2016-07-20,186.452225,107.988129,
2016-07-21,185.74791,108.206795,
2016-07-22,186.580994,108.394257,
2016-07-25,186.074234,108.316139,
2016-07-26,186.160156,108.487968,
2016-07-27,185.962662,109.838951,
2016-07-28,186.177383,109.635948,
2016-07-29,186.477936,110.549622,
2016-08-01,186.323349,109.351082,
2016-08-02,185.129517,108.224503,
2016-08-03,185.670578,108.28701,
2016-08-04,185.868118,109.100708,
2016-08-05,187.388336,107.966286,
2016-08-08,187.276718,108.169693,
2016-08-09,187.388336,109.233696,
2016-08-10,186.92453,109.656219,
2016-08-11,187.792053,108.678253,
2016-08-12,187.628815,109.593597,
2016-08-15,188.169891,108.560883,
2016-08-16,187.199417,108.271347,
2016-08-17,187.551529,108.920731,
2016-08-18,187.972412,109.092865,
2016-08-19,187.697556,108.521759,
2016-08-22,187.68898,109.437073,
2016-08-23,188.066833,109.554535,
2016-08-24,187.104919,109.296242,
2016-08-25,186.976089,108.88166,
2016-08-26,186.623962,108.247932,
2016-08-29,187.542969,109.695267,
2016-08-30,187.233719,109.272842,
2016-08-31,186.701187,109.429253,
2016-09-01,186.709793,109.550018,
2016-09-02,187.551529,108.656487,
2016-09-06,188.118378,109.448097,
2016-09-07,188.101212,109.369743,
2016-09-08,187.671783,107.998108,
2016-09-09,183.179886,106.218903,
2016-09-12,185.808044,106.273758,
2016-09-13,183.136963,105.066711,
2016-09-14,183.068222,105.223473,
2016-09-15,184.897614,104.768898,
2016-09-16,184.182846,105.615387,
2016-09-19,184.217392,105.270462,
2016-09-20,184.226074,105.638901,
2016-09-21,186.297745,106.49321,
2016-09-22,187.47171,107.339745,
2016-09-23,186.444473,107.237869,
2016-09-26,184.933884,107.919754,
2016-09-27,186.08197,108.711304,
2016-09-28,187.0056,108.476227,
2016-09-29,185.31369,108.750481,
2016-09-30,186.712097,107.778648,
2016-10-03,186.263229,107.422943,
2016-10-04,185.31369,106.166611,
2016-10-05,186.133759,105.671951,
2016-10-06,186.263229,105.083046,
2016-10-07,185.62442,105.153725,
2016-10-10,186.591263,104.533379,
2016-10-11,184.234711,104.297859,
2016-10-12,184.476395,104.399902,
2016-10-13,183.872116,104.792526,
2016-10-14,183.967087,103.324203,
2016-10-17,183.328293,103.983742,
2016-10-18,184.476395,104.321411,
2016-10-19,184.968384,104.407829,
2016-10-20,184.623184,104.517723,
2016-10-21,184.709473,104.674744,
2016-10-24,185.494965,104.21933,
2016-10-25,184.873459,104.494186,
2016-10-26,184.502304,103.787483,
2016-10-27,184.010208,102.656815,
2016-10-28,183.466415,102.4291,
2016-10-31,183.475082,103.057236,
2016-11-01,182.145737,103.065109,
2016-11-02,181.049408,103.513481,
2016-11-03,180.220749,102.718948,
2016-11-04,180.022217,103.639397,
2016-11-07,183.992981,102.758316,
2016-11-08,184.821625,102.341354,
2016-11-09,186.781082,97.998787,
2016-11-10,187.247269,96.551308,
2016-11-11,186.815689,96.008446,
2016-11-14,186.962402,95.434158,
2016-11-15,188.421234,95.906197,
2016-11-16,188.067245,96.771584,
2016-11-17,189.03418,95.347595,
2016-11-18,188.61116,95.07225,
2016-11-21,190.035431,95.308296,
2016-11-22,190.406616,95.27684,
2016-11-23,190.510178,94.907059,
2016-11-25,191.218033,95.048691,
2016-11-28,190.320282,95.748848,
2016-11-29,190.691483,96.15007,
2016-11-30,190.234009,94.592339,
2016-12-01,189.534821,93.593636,
2016-12-02,189.6297,94.279427,
2016-12-05,190.76915,94.176994,
2016-12-06,191.373383,94.106018,
2016-12-07,193.876724,94.910049,
2016-12-08,194.351486,93.790703,
2016-12-09,195.525467,92.624054,
2016-12-12,195.301025,92.797447,
2016-12-13,196.604462,93.128525,
2016-12-14,194.981598,92.087982,
2016-12-15,195.784424,92.55307,
2016-12-16,195.401489,92.340225,
2016-12-19,195.826965,93.333504,
2016-12-20,196.582382,92.868423,
2016-12-21,196.035355,93.27832,
2016-12-22,195.696655,93.111557,
2016-12-23,195.983261,93.301208,
2016-12-27,196.469528,93.000885,
2016-12-28,194.845749,93.680634,
2016-12-29,194.802338,94.012543,
2016-12-30,194.090347,94.154823,
2017-01-03,195.575165,94.557915,
2017-01-04,196.738663,94.92144,
2017-01-05,196.582382,96.407303,
2017-01-06,197.28569,95.522118,
2017-01-09,196.63446,96.288765,
2017-01-10,196.63446,96.225525,
2017-01-11,197.19017,96.549591,
2017-01-12,196.695251,96.336182,
2017-01-13,197.146744,95.877792,
2017-01-17,196.452103,96.8815,
2017-01-18,196.886322,95.640709,
2017-01-19,196.156921,94.984665,
2017-01-20,196.87764,94.794975,
2017-01-23,196.365326,95.743416,
2017-01-24,197.624359,95.087402,
2017-01-25,199.334869,93.893951,
2017-01-26,199.126465,94.210121,
2017-01-27,198.813904,94.549973,
2017-01-30,197.580902,94.265434,
2017-01-31,197.563538,94.92144,
2017-02-01,197.641678,94.334572,
2017-02-02,197.771973,94.294945,
2017-02-03,199.135178,94.255333,
2017-02-06,198.779083,94.8256,
2017-02-07,198.787857,95.522644,
2017-02-08,199.04837,96.821632,
2017-02-09,200.229218,95.704811,
2017-02-10,201.019348,95.649384,
2017-02-13,202.113388,95.348335,
2017-02-14,202.920914,94.659264,
2017-02-15,203.980255,94.223663,
2017-02-16,203.806595,94.73851,
2017-02-17,204.127884,95.300835,
2017-02-21,205.343521,95.134529,
2017-02-22,205.161133,95.292953,
2017-02-23,205.300064,95.578087,
2017-02-24,205.560547,96.639458,
2017-02-27,205.881805,96.069206,
2017-02-28,205.326157,96.425552,
2017-03-01,208.200226,94.809837,
2017-03-02,206.889099,94.468597,
2017-03-03,207.019257,94.714615,
2017-03-06,206.402817,94.262245,
2017-03-07,205.786346,93.976593,
2017-03-08,205.404251,93.468681,
2017-03-09,205.664749,92.722694,
2017-03-10,206.385422,93.04808,
2017-03-13,206.489655,92.460815,
2017-03-14,205.699539,92.90522,
2017-03-15,207.479477,94.040054,
2017-03-16,207.071426,93.563934,
2017-03-17,206.707748,94.151169,
2017-03-20,206.481018,94.555893,
2017-03-21,203.82991,95.341522,
2017-03-22,204.309509,95.722481,
2017-03-23,204.091476,95.58757,
2017-03-24,203.943253,95.928802,
2017-03-27,203.733963,96.365273,
2017-03-28,205.216492,95.722481,
2017-03-29,205.408356,96.293831,
2017-03-30,206.062408,95.516144,
2017-03-31,205.582779,95.793892,
2017-04-03,205.225189,96.760147,
2017-04-04,205.356018,96.235237,
2017-04-05,204.745575,96.529488,
2017-04-06,205.321136,96.386375,
2017-04-07,205.111832,95.996689,
2017-04-10,205.233932,96.442032,
2017-04-11,204.989746,97.356606,
2017-04-12,204.091476,97.889389,
2017-04-13,202.765991,98.191658,
2017-04-17,204.562439,97.889389,
2017-04-18,203.951996,99.169777,
2017-04-19,203.576996,98.629005,
2017-04-20,205.233932,98.247314,
2017-04-21,204.579926,98.247314,
2017-04-24,206.829834,97.762177,
2017-04-25,208.03331,96.585182,
2017-04-26,207.902466,97.117996,
2017-04-27,208.076859,97.086166,
2017-04-28,207.623398,97.300919,
2017-05-01,208.146667,96.491997,
2017-05-02,208.225159,96.986122,
2017-05-03,207.972229,97.049881,
2017-05-04,208.216431,96.571709,
2017-05-05,209.036194,96.659416,
2017-05-08,209.001236,96.133408,
2017-05-09,208.809433,96.12545,
2017-05-10,209.184433,96.013901,
2017-05-11,208.757141,96.013901,
2017-05-12,208.408249,96.739067,
2017-05-15,209.559448,96.476074,
2017-05-16,209.367569,96.834709,
2017-05-17,205.652542,98.245277,
2017-05-18,206.481018,98.35685,
2017-05-19,207.823975,98.58799,
2017-05-22,208.879181,98.316986,
2017-05-23,209.341415,97.655556,
2017-05-24,209.829773,98.205429,
2017-05-25,210.832672,98.23732,
2017-05-26,210.789047,98.404671,
2017-05-30,210.605881,98.8908,
2017-05-31,210.553635,99.137863,
2017-06-01,212.227921,99.148224,
2017-06-02,212.934341,100.322189,
2017-06-05,212.777344,99.699249,
2017-06-06,212.097153,100.242302,
2017-06-07,212.489594,99.763161,
2017-06-08,212.594208,99.49958,
2017-06-09,212.271576,99.3479,
2017-06-12,212.227921,99.315918,
2017-06-13,213.265762,99.331909,
2017-06-14,212.995438,100.865257,
2017-06-15,212.585526,100.705536,
2017-06-16,212.631912,100.905167,
2017-06-19,214.402115,100.761429,
2017-06-20,212.956223,101.663864,
2017-06-21,212.903625,101.871498,
2017-06-22,212.807236,102.095131,
2017-06-23,213.061401,102.047195,
2017-06-26,213.201569,102.430527,
2017-06-27,211.483948,101.336441,
2017-06-28,213.376892,101.001015,
2017-06-29,211.501511,100.154465,
2017-06-30,211.895813,99.922905,
2017-07-03,212.255173,99.601173,
2017-07-05,212.74588,99.625191,
2017-07-06,210.80043,98.800919,
2017-07-07,212.167511,98.208725,
2017-07-10,212.395355,98.352768,
2017-07-11,212.237595,98.520798,
2017-07-12,213.83255,99.201035,
2017-07-13,214.191864,98.576805,
2017-07-14,215.190811,98.696838,
2017-07-17,215.164566,98.968941,
2017-07-18,215.278519,99.83326,
2017-07-19,216.443939,99.873222,
2017-07-20,216.540375,100.161346,
2017-07-21,216.34758,100.585533,
2017-07-24,216.294998,100.193375,
2017-07-25,216.820816,98.888962,
2017-07-26,216.82959,99.049004,
2017-07-27,216.627991,98.560822,
2017-07-28,216.37384,99.145027,
2017-07-31,216.251205,99.265076,
2017-08-01,216.733139,99.962021,
2017-08-02,216.838333,100.018135,
2017-08-03,216.41774,101.052711,
2017-08-04,216.812057,100.194633,
2017-08-07,217.215149,100.30687,
2017-08-08,216.680588,99.945946,
2017-08-09,216.671814,100.491341,
2017-08-10,213.613434,101.34948,
2017-08-11,213.928909,101.397575,
2017-08-14,216.049667,100.876282,
2017-08-15,216.023346,100.451256,
2017-08-16,216.400177,100.820168,
2017-08-17,213.026306,101.574028,
2017-08-18,212.693359,101.54998,
2017-08-21,212.859848,101.798653,
2017-08-22,215.085693,101.405624,
2017-08-23,214.314499,102.095337,
2017-08-24,213.815002,101.718399,
2017-08-25,214.314499,102.111359,
2017-08-28,214.323227,102.047195,
2017-08-29,214.568634,102.376038,
2017-08-30,215.585175,102.343971,
2017-08-31,216.882141,102.648735,
2017-09-01,217.188858,101.863556,
2017-09-05,215.628967,103.478912,
2017-09-06,216.365097,102.844048,
2017-09-07,216.338821,103.896782,
2017-09-08,216.084702,103.671776,
2017-09-11,218.38942,102.434135,
2017-09-12,219.12558,101.895683,
2017-09-13,219.230728,101.493896,
2017-09-14,219.160614,101.911766,
2017-09-15,219.455627,101.951988,
2017-09-18,219.922409,101.365303,
2017-09-19,220.142548,101.11615,
2017-09-20,220.221802,101.188477,
2017-09-21,219.631775,101.132202,
2017-09-22,219.675797,101.421532,
2017-09-25,219.226639,102.056427,
2017-09-26,219.358749,101.87159,
2017-09-27,220.212997,100.336578,
2017-09-28,220.477234,100.039246,
2017-09-29,221.252197,100.264282,
2017-10-02,222.212158,100.080658,
2017-10-03,222.687714,100.177315,
2017-10-04,222.951874,100.185349,
2017-10-05,224.272949,99.806877,
2017-10-06,224.017563,99.525024,
2017-10-09,223.647629,99.839081,
2017-10-10,224.237732,100.00013,
2017-10-11,224.589981,100.19339,
2017-10-12,224.255325,100.620239,
2017-10-13,224.528336,101.344955,
2017-10-16,224.827728,101.272499,
2017-10-17,224.986267,101.401329,
2017-10-18,225.206482,100.732956,
2017-10-19,225.268097,100.910141,
2017-10-20,226.430557,99.839081,
2017-10-23,225.549896,100.016281,
2017-10-24,225.946228,99.396179,
2017-10-25,224.827728,98.921074,
2017-10-26,225.118347,98.590897,
2017-10-27,226.958954,99.243187,
2017-10-30,226.11351,100.19339,
2017-10-31,226.465805,100.225624,
2017-11-01,226.765244,100.671875,
2017-11-02,226.853317,101.115723,
2017-11-03,227.610687,101.390129,
2017-11-06,227.962952,101.769379,
2017-11-07,227.804443,102.197098,
2017-11-08,228.19194,101.971115,
2017-11-09,227.364151,101.680603,
2017-11-10,227.293594,100.147301,
2017-11-13,227.505051,100.35714,
2017-11-14,226.976608,101.035027,
2017-11-15,225.840515,102.132484,
2017-11-16,227.760452,101.24485,
2017-11-17,227.091034,101.995346,
2017-11-20,227.478607,101.954987,
2017-11-21,228.966904,102.277763,
2017-11-22,228.764328,102.60865,
2017-11-24,229.29277,102.326225,
2017-11-27,229.178268,102.180969,
2017-11-28,231.503357,102.31813,
2017-11-29,231.362381,101.309418,
2017-11-30,233.387939,100.970528,
2017-12-01,232.903549,102.333023,
2017-12-04,232.62175,102.381554,
2017-12-05,231.785065,102.890968,
2017-12-06,231.829086,103.246788,
2017-12-07,232.560074,102.438141,
2017-12-08,233.828323,102.446243,
2017-12-11,234.532867,102.235985,
2017-12-12,234.946701,102.195572,
2017-12-13,234.920349,102.963799,
2017-12-14,233.960373,103.400421,
2017-12-15,235.908615,103.788582,
2017-12-18,237.404663,102.842491,
2017-12-19,236.492889,101.508194,
2017-12-20,236.368881,100.384193,
2017-12-21,236.855743,100.969269,
2017-12-22,236.793854,101.107048,
2017-12-26,236.510559,101.40683,
2017-12-27,236.625641,102.727707,
2017-12-28,237.112518,102.63858,
2017-12-29,236.21846,102.800667,
2018-01-02,237.909134,101.690445,
2018-01-03,239.414017,102.176674,
2018-01-04,240.423004,102.160469,
2018-01-05,242.025192,101.868759,
2018-01-08,242.467819,101.803955,
2018-01-09,243.016617,100.442551,
2018-01-10,242.644821,100.321022,
2018-01-11,244.415253,100.734283,
2018-01-12,246.008484,100.90448,
2018-01-16,245.167603,101.325836,
2018-01-17,247.504517,101.18811,
2018-01-18,247.088455,100.2481,
2018-01-19,248.212662,99.721344,
2018-01-22,250.230804,99.818558,
2018-01-23,250.761993,100.2481,
2018-01-24,250.664581,99.70517,
2018-01-25,250.770844,100.523575,1770.23999
2018-01-26,253.674133,100.150818,1770.23999
2018-01-29,251.992294,99.453903,1893.119995
2018-01-30,249.407623,98.870491,1955.199951
2018-01-31,249.531464,99.453903,1961.599976
2018-02-01,249.24823,98.012611,1862.848022
2018-02-02,243.822083,97.103096,2102.399902
2018-02-05,233.624908,98.020691,2807.040039
2018-02-06,238.227829,97.411644,2759.424072
2018-02-07,236.935501,96.485924,2850.560059
2018-02-08,228.048309,96.380379,3531.52002
2018-02-09,231.473877,95.77137,3217.919922
2018-02-12,234.873032,96.193634,3107.199951
2018-02-13,235.457199,96.624008,3070.080078
2018-02-14,238.63501,95.552101,2718.719971
2018-02-15,241.679947,95.876907,2656.0
2018-02-16,241.750839,96.396606,2695.679932
2018-02-20,240.237167,95.974365,2805.76001
2018-02-21,239.042191,94.796883,2848.0
2018-02-22,239.351959,95.0811,2810.879883
2018-02-23,243.16713,95.925629,2591.360107
2018-02-26,245.990768,95.958153,2513.919922
2018-02-27,242.919266,95.820084,2714.23999
2018-02-28,240.458496,96.429085,2826.23999
2018-03-01,236.962036,97.087379,3020.800049
2018-03-02,238.183594,96.298141,2887.679932
2018-03-05,240.936386,96.03772,2781.439941
2018-03-06,241.547302,96.12722,2796.159912
2018-03-07,241.458786,96.021385,2754.560059
2018-03-08,242.627182,96.574753,2725.76001
2018-03-09,246.849442,95.940079,2448.0
2018-03-12,246.539673,96.493362,2544.639893
2018-03-13,244.946304,96.981552,2605.439941
2018-03-14,243.689316,97.835938,2662.399902
2018-03-15,243.423828,97.835938,2588.159912
2018-03-16,243.687775,97.486061,2515.199951
2018-03-19,240.390625,97.176857,2775.679932
2018-03-20,240.799377,96.786324,2722.560059
2018-03-21,240.337234,96.892105,2623.360107
2018-03-22,234.329514,97.852226,3020.800049
2018-03-23,229.334854,97.778984,3200.0
2018-03-26,235.609177,97.404701,2963.199951
2018-03-27,231.601105,98.44619,3185.919922
2018-03-28,230.916794,98.706551,3206.080078
2018-03-29,233.867371,99.186646,3136.0
2018-04-02,228.819412,99.382324,3317.76001
2018-04-03,231.752213,98.615807,3175.679932
2018-04-04,234.231766,98.412041,3115.52002
2018-04-05,236.080231,97.678123,3031.679932
2018-04-06,230.819031,98.74633,3187.199951
2018-04-09,231.956635,98.909386,3187.199951
2018-04-10,235.644745,98.730011,3187.199951
2018-04-11,234.409515,99.080666,3187.199951
2018-04-12,236.338028,98.354927,3077.76001
2018-04-13,235.644745,98.583199,2942.719971
2018-04-16,237.582169,98.615807,2793.600098
2018-04-17,240.123947,98.884933,2579.199951
2018-04-18,240.301773,98.093964,2595.840088
2018-04-19,238.968658,97.294907,2622.080078
2018-04-20,236.942337,96.59362,2695.040039
2018-04-23,236.90686,96.61808,2662.399902
2018-04-24,233.716263,96.177795,2661.76001
2018-04-25,234.293945,95.533569,2851.199951
2018-04-26,236.675781,96.202255,2717.439941
2018-04-27,236.897903,96.944244,2651.199951
2018-04-30,235.07605,97.115532,2625.280029
2018-05-01,235.493744,96.765709,2711.040039
2018-05-02,233.911804,96.659515,2544.639893
2018-05-03,233.396332,97.092651,2752.0
2018-05-04,236.418015,97.239685,2579.199951
2018-05-07,237.217865,97.084435,2544.0
2018-05-08,237.217865,96.994591,2544.0
2018-05-09,239.510757,96.414337,2482.560059
2018-05-10,241.750351,97.190689,2349.439941
2018-05-11,242.488052,97.435852,2293.120117
2018-05-14,242.603516,96.92099,2225.919922
2018-05-15,240.932693,95.81778,2387.199951
2018-05-16,241.945862,95.450058,2308.159912
2018-05-17,241.741455,94.967888,2250.879883
2018-05-18,241.137131,95.785042,2266.879883
2018-05-21,242.950089,95.834084,2176.0
2018-05-22,242.274734,95.686966,2191.488037
2018-05-23,242.941223,96.381622,2174.719971
2018-05-24,242.443542,97.149796,2187.52002
2018-05-25,241.86586,97.754578,2164.47998
2018-05-29,239.084183,99.895622,2458.879883
2018-05-30,242.274734,99.225533,2339.840088
2018-05-31,240.790543,99.06208,2364.159912
2018-06-01,243.154526,98.538673,2248.320068
2018-06-04,244.309875,97.82605,2248.320068
2018-06-05,244.48761,98.05542,2177.280029
2018-06-06,246.531616,97.260849,2076.159912
2018-06-07,246.504929,98.202843,2100.47998
2018-06-08,247.23378,97.907967,2075.52002
2018-06-11,247.562576,97.727753,2053.120117
2018-06-12,247.882553,97.752327,2046.719971
2018-06-13,247.091599,97.703194,2056.959961
2018-06-14,247.713608,98.514107,2001.407959
2018-06-15,247.397644,98.604187,2023.680054
2018-06-18,246.88884,98.514107,1999.936035
2018-06-19,245.94249,99.087463,2101.696045
2018-06-20,246.362045,98.219238,2053.76001
2018-06-21,244.817657,98.735252,2189.439941
2018-06-22,245.264053,98.727089,2132.47998
2018-06-25,241.925354,98.948204,2438.399902
2018-06-26,242.460907,99.087463,2338.560059
2018-06-27,240.452347,100.021278,2464.0
2018-06-28,241.827133,100.045845,2508.800049
2018-06-29,242.175308,99.701843,2362.879883
2018-07-02,242.693069,99.623825,2415.360107
2018-07-03,241.836014,100.15741,2415.360107
2018-07-05,243.808975,100.444778,2314.23999
2018-07-06,245.871094,100.773117,2199.360107
2018-07-09,248.084991,100.124634,2078.719971
2018-07-10,248.977753,100.116402,2034.560059
2018-07-11,247.156601,100.502243,2101.76001
2018-07-12,249.397324,100.494034,2048.0
2018-07-13,249.593796,100.74852,2030.656006
2018-07-16,249.370636,100.329826,1999.359985
2018-07-17,250.379318,100.141022,1966.079956
2018-07-18,250.906006,99.738754,1955.839966
2018-07-19,249.959717,100.370895,1996.800049
2018-07-20,249.674118,99.139427,2001.088013
2018-07-23,250.138306,97.916222,2019.839966
2018-07-24,251.397034,98.252808,1967.359985
2018-07-25,253.53952,98.096817,1949.439941
2018-07-26,252.941406,97.908012,1954.560059
2018-07-27,251.227341,98.072197,2018.560059
2018-07-30,249.9151,97.735611,2056.320068
2018-07-31,251.147018,98.269211,2008.319946
2018-08-01,250.727478,97.468643,1984.0
2018-08-02,252.093323,97.608505,1963.52002
2018-08-03,253.173492,98.093971,1928.959961
2018-08-06,254.101974,98.151558,1873.151978
2018-08-07,254.94104,97.641426,1827.839966
2018-08-08,254.833984,97.740158,1794.047974
2018-08-09,254.48587,98.56295,1825.920044
2018-08-10,252.780807,99.278831,1917.439941
2018-08-13,251.834412,99.07312,2028.800049
2018-08-14,253.441269,98.850952,1926.400024
2018-08-15,251.548782,99.426926,2046.719971
2018-08-16,253.584183,99.418663,1934.719971
2018-08-17,254.476913,99.542122,1887.359985
2018-08-20,255.021439,100.208565,1848.319946
2018-08-21,255.619537,99.871223,1885.439941
2018-08-22,255.46785,100.26619,1852.800049
2018-08-23,255.128555,100.422523,1857.920044
2018-08-24,256.664001,100.619957,1847.040039
2018-08-27,258.69046,100.043999,1849.599976
2018-08-28,258.815521,99.443352,1851.52002
2018-08-29,260.208099,99.574982,1833.599976
2018-08-30,259.154694,99.788979,1888.640015
2018-08-31,259.163574,99.558563,1900.160034
2018-09-04,258.717285,98.982918,1873.920044
2018-09-05,258.020905,98.719063,1885.439941
2018-09-06,257.244293,99.081917,1943.040039
2018-09-07,256.744415,98.240768,1971.839966
2018-09-10,257.190796,98.603592,1918.719971
2018-09-11,258.038757,97.85318,1862.400024
2018-09-12,258.101257,98.084099,1838.079956
2018-09-13,259.627777,98.232513,1788.160034
2018-09-14,259.672455,97.762459,1750.400024
2018-09-17,258.297699,97.762459,1804.800049
2018-09-18,259.699249,96.739883,1795.199951
2018-09-19,259.975952,96.162628,1733.119995
2018-09-20,262.082825,96.607948,1704.959961
2018-09-21,261.843384,96.566727,1700.223999
2018-09-24,260.97348,96.319313,1706.880005
2018-09-25,260.731415,96.220352,1722.880005
2018-09-26,259.951172,96.896591,1728.0
2018-09-27,260.677612,96.962532,1711.359985
2018-09-28,260.704498,96.706894,1708.800049
2018-10-01,261.610199,95.996941,1689.599976
2018-10-02,261.457672,96.58374,1689.599976
2018-10-03,261.601196,94.905983,1676.800049
2018-10-04,259.55661,94.236526,1779.199951
2018-10-05,258.103851,93.42659,1807.359985
2018-10-08,258.103851,93.11248,1832.959961
2018-10-09,257.727264,94.054703,1861.119995
2018-10-10,249.566757,93.79847,2172.800049
2018-10-11,244.069702,94.939072,2359.040039
2018-10-12,247.459427,94.608475,2180.47998
2018-10-15,246.069443,94.567123,2193.280029
2018-10-16,251.449966,94.782051,2053.120117
2018-10-17,251.494812,94.220009,2077.439941
2018-10-18,247.8629,94.186935,2230.399902
2018-10-19,247.728439,93.980331,2193.280029
2018-10-22,246.61647,93.856308,2213.120117
2018-10-23,245.360931,94.153908,2296.959961
2018-10-24,237.926895,94.864647,2474.23999
2018-10-25,242.19545,94.467934,2423.040039
2018-10-26,237.935883,95.038231,2559.360107
2018-10-29,236.61763,94.823326,2581.76001
2018-10-30,240.123993,94.352196,2483.840088
2018-10-31,242.688721,93.872871,2405.120117
2018-11-01,245.271271,93.959869,2327.679932
2018-11-02,243.818649,92.791679,2346.23999
2018-11-05,245.163757,93.156227,2323.840088
2018-11-06,246.715073,93.098236,2245.120117
2018-11-07,251.997025,93.222496,2089.600098
2018-11-08,251.539734,93.214188,2080.0
2018-11-09,249.082535,93.910149,2126.912109
2018-11-12,244.428391,94.523216,2307.840088
2018-11-13,243.971054,94.465233,2325.120117
2018-11-14,242.303085,94.523216,2385.280029
2018-11-15,244.831894,94.481804,2360.320068
2018-11-16,245.468643,95.028603,2252.159912
2018-11-19,241.31665,95.293724,2384.0
2018-11-20,236.850861,95.326866,2517.120117
2018-11-21,237.657898,95.293724,2458.23999
2018-11-23,236.070648,95.393158,2479.360107
2018-11-26,239.88179,95.17775,2339.199951
2018-11-27,240.688904,95.285446,2297.600098
2018-11-28,246.230835,94.821487,2229.76001
2018-11-29,245.692795,95.194328,2270.080078
2018-11-30,247.19043,95.55056,2206.080078
2018-12-03,250.463486,96.229027,2086.399902
2018-12-04,242.34787,97.840088,2357.76001
2018-12-06,241.980194,98.147316,2418.560059
2018-12-07,236.35762,98.329987,2580.47998
2018-12-10,236.805984,98.736908,2555.52002
2018-12-11,236.859772,98.720268,2555.968018
2018-12-12,238.05246,98.280159,2535.679932
2018-12-13,237.971725,98.047668,2496.639893
2018-12-14,233.577682,98.388138,2598.399902
2018-12-17,228.995239,98.961098,2725.76001
2018-12-18,228.744095,99.55381,2738.560059
2018-12-19,225.318497,100.868942,2728.959961
2018-12-20,221.650864,100.502724,2867.840088
2018-12-21,217.109238,100.486046,3012.47998
2018-12-24,211.372635,100.985466,3163.52002
2018-12-26,222.052185,99.903389,2995.840088
2018-12-27,223.756973,99.920044,3122.560059
2018-12-28,223.468338,100.760735,3117.439941
2018-12-31,225.425613,101.143661,3007.360107
2019-01-02,225.660172,101.676369,2927.360107
2019-01-03,220.275314,102.833389,3048.959961
2019-01-04,227.653534,101.643059,2807.040039
2019-01-07,229.448532,101.343407,2744.320068
2019-01-08,231.604248,101.077049,2688.639893
2019-01-09,232.686707,100.918854,2625.280029
2019-01-10,233.507492,100.269608,2597.76001
2019-01-11,233.597687,100.660843,2513.280029
2019-01-14,232.172531,100.286278,2520.320068
2019-01-15,234.833466,99.920044,2410.879883
2019-01-16,235.401672,100.019897,2459.52002
2019-01-17,237.187607,100.044907,2432.0
2019-01-18,240.344559,99.520485,2371.840088
2019-01-22,237.097443,100.194702,2580.47998
2019-01-23,237.593521,100.153084,2566.399902
2019-01-24,237.719788,100.810692,2475.52002
2019-01-25,239.731247,100.327888,2382.719971
2019-01-28,237.909241,100.22802,2481.280029
2019-01-29,237.593521,100.735748,2474.23999
2019-01-30,241.354767,100.660843,2365.439941
2019-01-31,243.474579,101.52652,2267.52002
2019-02-01,243.591766,100.91333,2245.76001
2019-02-04,245.305557,100.462837,2176.0
2019-02-05,246.333878,100.921692,2157.439941
2019-02-06,246.009079,100.971733,2145.919922
2019-02-07,243.663956,101.639137,2217.600098
2019-02-08,243.961624,102.072975,2190.719971
2019-02-11,244.096893,101.672493,2167.040039
2019-02-12,247.23587,101.413902,2128.0
2019-02-13,248.038574,101.030144,2122.879883
2019-02-14,247.488327,101.605789,2161.280029
2019-02-15,250.185318,101.76429,2085.76001
2019-02-19,250.618286,102.022934,2092.159912
2019-02-20,251.123398,101.730919,2008.319946
2019-02-21,250.230423,100.821533,2034.560059
2019-02-22,251.781876,101.422241,1957.76001
2019-02-25,252.124603,101.121941,1992.959961
2019-02-26,251.944199,101.622482,2009.599976
2019-02-27,251.835938,100.471184,2011.52002
2019-02-28,251.366928,100.129128,2010.23999
2019-03-01,252.936462,99.203651,1918.719971
2019-03-04,252.016312,99.981171,1965.439941
2019-03-05,251.673584,100.19014,1976.959961
2019-03-06,250.1492,100.558029,2035.199951
2019-03-07,248.056671,101.210121,2112.639893
2019-03-08,247.560562,101.63652,2126.719971
2019-03-11,251.150543,101.335541,1971.839966
2019-03-12,252.097473,102.04615,1916.160034
2019-03-13,253.766144,101.853859,1895.680054
2019-03-14,253.603958,101.118118,1864.319946
2019-03-15,254.856812,101.786964,1829.76001
2019-03-18,255.780853,101.728447,1834.23999
2019-03-19,255.844269,101.502708,1846.400024
2019-03-20,255.074188,102.564514,1866.23999
2019-03-21,257.955231,102.790207,1841.920044
2019-03-22,252.990494,104.387047,2053.120117
2019-03-25,252.800308,104.554237,2063.360107
2019-03-26,254.684647,104.479019,1946.880005
2019-03-27,253.352951,105.440445,1976.319946
2019-03-28,254.313309,105.808266,1932.160034
2019-03-29,255.916809,105.707962,1872.640015
2019-04-01,258.951721,104.206535,1839.359985
2019-04-02,259.078613,104.399216,1834.23999
2019-04-03,259.486267,103.494316,1847.040039
2019-04-04,260.174866,103.787544,1828.47998
2019-04-05,261.434052,103.921646,1792.0
2019-04-08,261.633453,103.552971,1783.680054
2019-04-09,260.292572,103.879723,1847.040039
2019-04-10,261.180481,104.131096,1795.199951
2019-04-11,261.107941,103.519463,1760.0
2019-04-12,262.874573,102.782104,1680.640015
2019-04-15,262.702545,103.041885,1658.880005
2019-04-16,262.874573,102.396675,1645.439941
2019-04-17,262.231415,102.438591,1656.959961
2019-04-18,262.747681,102.974831,1630.719971
2019-04-22,262.974243,102.480453,1616.0
2019-04-23,265.338776,102.69838,1603.199951
2019-04-24,264.749908,103.536201,1644.800049
2019-04-25,264.586914,103.385391,1676.800049
2019-04-26,265.81897,103.737297,1618.560059
2019-04-29,266.235748,103.075394,1643.52002
2019-04-30,266.371582,103.603249,1643.52002
2019-05-01,264.369385,104.030602,1705.599976
2019-05-02,263.798645,103.535225,1708.160034
2019-05-03,266.380615,103.829117,1626.880005
2019-05-06,265.284515,104.114609,1719.040039
2019-05-07,260.854401,104.912231,2005.119995
2019-05-08,260.491852,104.458824,1965.439941
2019-05-09,259.703735,104.887032,1955.199951
2019-05-10,261.008362,104.744316,1804.160034
2019-05-13,254.449142,105.567177,2076.800049
2019-05-14,256.750275,105.256454,1961.599976
2019-05-15,258.254242,105.903,1879.040039
2019-05-16,260.645935,105.550369,1798.400024
2019-05-17,258.960815,105.785469,1825.280029
2019-05-20,257.248505,105.567177,1852.160034
2019-05-21,259.56781,105.399216,1758.719971
2019-05-22,258.770538,106.003777,1742.079956
2019-05-23,255.608734,107.19603,1857.280029
2019-05-24,256.188599,107.288368,1818.880005
2019-05-28,253.805893,108.060883,1873.280029
2019-05-29,252.102661,108.388298,1909.76001
2019-05-30,252.791245,109.320312,1875.839966
2019-05-31,249.384689,110.688911,1946.880005
2019-06-03,248.750687,111.429298,1966.719971
2019-06-04,254.150101,110.158821,1857.280029
2019-06-05,256.351685,109.536247,1821.439941
2019-06-06,258.018494,109.889633,1782.400024
2019-06-07,260.600647,110.840347,1795.839966
2019-06-10,261.796478,109.797066,1783.040039
2019-06-11,261.733093,109.86438,1786.23999
2019-06-12,261.271057,109.948547,1777.920044
2019-06-13,262.349182,110.32711,1767.040039
2019-06-14,262.059174,110.604828,1748.47998
2019-06-17,262.158844,110.798309,1729.920044
2019-06-18,264.903931,111.353584,1716.47998
2019-06-19,265.501923,111.513405,1659.52002
2019-06-20,268.038513,111.807938,1664.640015
2019-06-21,267.648926,110.579521,1703.680054
2019-06-24,267.321198,111.404076,1688.319946
2019-06-25,264.699402,111.749008,1731.199951
2019-06-26,264.435394,111.033844,1717.76001
2019-06-27,265.373016,111.816307,1690.880005
2019-06-28,266.738617,111.740616,1664.0
2019-07-01,269.160217,111.479233,1571.839966
2019-07-02,269.861084,112.339119,1513.599976
2019-07-03,272.018768,113.139999,1504.640015
2019-07-05,271.709198,111.63942,1509.119995
2019-07-08,270.216217,111.791199,1550.719971
2019-07-09,270.553009,111.749023,1555.199951
2019-07-10,271.845764,111.133652,1507.839966
2019-07-11,272.483032,109.649971,1482.880005
2019-07-12,273.702942,109.776367,1459.199951
2019-07-15,273.793976,110.408646,1453.439941
2019-07-16,272.910919,110.079849,1457.920044
2019-07-17,271.053741,111.268509,1495.040039
2019-07-18,272.046021,111.276978,1479.359985
2019-07-19,270.534882,111.015648,1496.319946
2019-07-22,271.199402,111.226357,1466.23999
2019-07-23,273.138489,110.619415,1414.400024
2019-07-24,274.422119,111.099907,1378.560059
2019-07-25,273.111115,110.56881,1420.800049
2019-07-26,274.94104,110.830177,1384.959961
2019-07-29,274.440308,110.863869,1397.119995
2019-07-30,273.766602,111.133652,1429.76001
2019-07-31,270.771576,112.027214,1509.76001
2019-08-01,268.413666,114.252136,1628.800049
2019-08-02,266.392578,115.307953,1642.23999
2019-08-05,258.381378,117.30146,1875.199951
2019-08-06,262.00473,118.239006,1758.719971
2019-08-07,262.159363,118.281281,1767.680054
2019-08-08,267.303009,118.53466,1662.719971
2019-08-09,265.482269,118.29818,1723.52002
2019-08-12,262.250458,120.764603,1848.959961
2019-08-13,266.328888,120.350761,1712.640015
2019-08-14,258.454285,123.062164,1949.76001
2019-08-15,259.136993,124.430565,1898.880005
2019-08-16,262.960541,123.433876,1793.920044
2019-08-19,266.128571,121.668427,1662.719971
2019-08-20,264.089386,122.927017,1702.400024
2019-08-21,266.237915,122.107719,1619.199951
2019-08-22,266.155853,121.296791,1648.0
2019-08-23,259.319061,123.29026,1853.439941
2019-08-26,262.186737,122.791878,1798.400024
2019-08-27,261.158142,124.68396,1834.880005
2019-08-28,262.996979,124.844513,1793.280029
2019-08-29,266.356232,124.371452,1718.400024
2019-08-30,266.237915,124.405197,1728.0
2019-09-03,264.681091,124.565994,1804.160034
2019-09-04,267.685364,124.752083,1692.800049
2019-09-05,271.126648,122.492889,1630.079956
2019-09-06,271.335968,123.364426,1582.079956
2019-09-09,271.472473,121.172806,1566.719971
2019-09-10,271.408783,119.048927,1561.599976
2019-09-11,273.338776,118.837395,1537.280029
2019-09-12,274.285583,118.058907,1500.800049
2019-09-13,274.103516,115.5373,1477.119995
2019-09-16,273.256866,117.009674,1498.880005
2019-09-17,273.94873,117.644272,1491.839966
2019-09-18,274.112549,118.143524,1443.839966
2019-09-19,274.094391,118.498909,1417.599976
2019-09-20,272.799316,120.064293,1490.560059
2019-09-23,272.735291,120.038986,1477.76001
2019-09-24,270.595184,121.485939,1546.23999
2019-09-25,272.195709,119.708923,1511.040039
2019-09-26,271.628693,120.478981,1523.839966
2019-09-27,270.165344,120.775154,1565.439941
2019-09-30,271.418304,121.071342,1519.359985
2019-10-01,268.189789,121.435738,1586.560059
2019-10-02,263.452423,121.732483,1692.800049
2019-10-03,265.610809,122.842926,1628.160034
2019-10-04,269.205078,123.749901,1541.76001
2019-10-07,268.043518,122.724243,1553.280029
2019-10-08,263.882233,123.05484,1679.359985
2019-10-09,266.388153,122.359718,1623.040039
2019-10-10,268.189789,120.537285,1563.52002
2019-10-11,270.970245,119.045403,1473.280029
2019-10-14,270.668457,119.909973,1425.280029
2019-10-15,273.348206,118.460518,1388.160034
2019-10-16,272.909119,118.604622,1370.880005
2019-10-17,273.713928,118.316399,1362.560059
2019-10-18,272.515839,118.316399,1359.359985
2019-10-21,274.363251,117.426369,1323.52002
2019-10-22,273.46701,118.112953,1344.640015
2019-10-23,274.262695,118.231644,1328.0
2019-10-24,274.710724,117.994263,1309.439941
2019-10-25,275.835693,117.417885,1266.560059
2019-10-28,277.390472,116.3498,1278.719971
2019-10-29,277.308197,116.426094,1277.439941
2019-10-30,278.158752,118.129898,1246.079956
2019-10-31,277.417938,119.723557,1264.0
2019-11-01,279.987946,119.354958,1207.680054
2019-11-04,281.112823,117.784058,1209.599976
2019-11-05,280.801849,116.459435,1234.560059
2019-11-06,280.865875,117.164253,1230.079956
2019-11-07,281.853607,115.04129,1218.560059
2019-11-08,282.548645,114.557404,1192.959961
2019-11-11,282.009064,114.633789,1188.47998
2019-11-12,282.603577,115.160202,1174.400024
2019-11-13,282.695068,115.907471,1182.719971
2019-11-14,283.106537,117.104782,1163.52002
2019-11-15,285.155304,116.977432,1113.599976
2019-11-18,285.36554,117.189682,1112.319946
2019-11-19,285.283234,118.166168,1124.47998
2019-11-20,284.222351,119.388962,1136.0
2019-11-21,283.765045,118.641754,1138.560059
2019-11-22,284.396118,118.794472,1105.920044
2019-11-25,286.600281,119.142738,1057.920044
2019-11-26,287.249573,119.838997,1042.560059
2019-11-27,288.53009,119.490822,1037.439941
2019-11-29,287.45993,119.236153,1058.560059
2019-12-02,285.018036,117.646324,1113.599976
2019-12-03,283.106537,120.113083,1178.23999
2019-12-04,284.853455,118.913719,1123.839966
2019-12-05,285.36554,118.33532,1109.119995
2019-12-06,287.972137,117.680367,1070.719971
2019-12-09,287.066681,117.935486,1126.400024
2019-12-10,286.746613,117.944031,1128.319946
2019-12-11,287.560608,118.87117,1102.079956
2019-12-12,290.039124,116.91478,1036.800049
2019-12-13,290.21283,118.267273,993.919983
2019-12-16,292.206665,117.204033,972.799988
2019-12-17,292.27066,117.042412,965.76001
2019-12-18,292.28894,116.081245,975.359985
2019-12-19,293.48703,116.266953,951.039978
2019-12-20,294.773712,116.420326,962.559998
2019-12-23,295.224091,116.249878,965.76001
2019-12-24,295.233215,116.582161,956.159973
2019-12-26,296.804871,116.863373,954.880005
2019-12-27,296.731262,116.991135,974.719971
2019-12-30,295.095398,116.565155,1008.640015
2019-12-31,295.812195,115.423485,967.679993
2020-01-02,298.578674,116.727058,928.640015
2020-01-03,296.317749,118.524643,978.559998
2020-01-06,297.448212,117.85157,965.119995
2020-01-07,296.611847,117.27227,960.640015
2020-01-08,298.192657,116.496986,947.200012
2020-01-09,300.214569,116.905922,907.52002
2020-01-10,299.350677,117.945335,903.679993
2020-01-13,301.409454,117.587517,880.640015
2020-01-14,300.94986,118.192429,874.23999
2020-01-15,301.629974,118.976189,871.679993
2020-01-16,304.139008,118.601349,850.559998
2020-01-17,305.085754,117.587517,852.47998
2020-01-21,304.488251,118.822823,859.52002
2020-01-22,304.525055,119.240288,866.559998
2020-01-23,304.874268,120.075249,863.359985
2020-01-24,302.163116,121.046471,911.359985
2020-01-27,297.319489,122.929276,1005.440002
2020-01-28,300.435211,121.966553,949.119995
2020-01-29,300.187012,123.159286,950.400024
2020-01-30,301.161255,123.176315,934.400024
2020-01-31,295.69281,124.30085,1036.800049
2020-02-03,297.889343,124.200233,997.119995
2020-02-04,302.429504,122.527641,949.119995
2020-02-05,305.922058,121.18782,908.799988
2020-02-06,306.951355,121.733994,901.76001
2020-02-07,305.31546,123.25296,920.320007
2020-02-10,307.594818,123.594337,902.400024
2020-02-11,308.127747,122.971405,903.679993
2020-02-12,310.113037,122.348412,857.599976
2020-02-13,309.782135,122.817787,876.159973
2020-02-14,310.278412,123.355461,865.280029
2020-02-18,309.478821,124.200233,880.640015
2020-02-19,310.958557,124.19165,867.840027
2020-02-20,309.681061,125.16452,898.559998
2020-02-21,306.491882,126.333694,953.599976
2020-02-24,296.326904,128.219635,1130.880005
2020-02-25,287.347595,128.902344,1237.76001
2020-02-26,286.29068,128.219635,1211.52002
2020-02-27,273.432831,129.610611,1408.0
2020-02-28,272.284119,132.53775,1459.839966
2020-03-02,284.075714,131.562607,1409.920044
2020-03-03,275.941864,133.605164,1564.800049
2020-03-04,287.540558,132.186493,1472.0
2020-03-05,277.982239,135.476852,1707.52002
2020-03-06,273.386902,142.527573,1908.47998
2020-03-09,252.036911,146.390503,2365.439941
2020-03-10,265.078461,138.886795,2183.040039
2020-03-11,252.156357,133.776108,2474.23999
2020-03-12,228.030777,134.605103,3031.040039
2020-03-13,247.524277,131.562607,2764.800049
2020-03-16,220.439224,140.083221,3789.439941
2020-03-17,232.341217,130.742142,3744.639893
2020-03-18,220.577072,123.366669,4416.0
2020-03-19,221.045807,126.725365,3968.0
2020-03-20,211.519989,136.254578,3875.199951
2020-03-23,206.111832,141.869492,3272.320068
2020-03-24,224.786224,139.228622,3017.600098
2020-03-25,228.151291,138.91246,3257.600098
2020-03-26,241.473007,139.596146,2919.679932
2020-03-27,234.280594,143.322372,3238.399902
2020-03-30,241.889023,142.142975,3112.320068
2020-03-31,238.2836,140.989288,2960.0
2020-04-01,227.559662,142.964569,3214.080078
2020-04-02,232.810699,143.87178,3031.040039
2020-04-03,229.445633,144.214142,2908.800049
2020-04-06,244.856567,143.837601,2701.439941
2020-04-07,245.106216,142.331284,2778.23999
2020-04-08,253.334061,141.295593,2713.600098
2020-04-09,257.189026,141.552368,2660.47998
2020-04-13,254.840973,140.26004,2605.439941
2020-04-14,262.356995,140.2258,2394.23999
2020-04-15,256.782318,143.940231,2586.23999
2020-04-16,258.021149,145.575027,2607.360107
2020-04-17,264.991638,143.623596,2499.199951
2020-04-20,260.323059,144.779007,2741.76001
2020-04-21,252.418854,146.60199,2970.879883
2020-04-22,258.021149,145.104202,2828.159912
2020-04-23,258.002655,145.874542,2819.840088
2020-04-24,261.598907,146.216904,2657.280029
2020-04-27,265.370789,143.495209,2461.439941
2020-04-28,264.150421,145.147018,2500.47998
2020-04-29,271.06543,144.393845,2349.120117
2020-04-30,268.541565,142.707764,2423.679932
2020-05-01,261.432465,143.929886,2636.159912
2020-05-04,262.153625,143.252853,2576.639893
2020-05-05,264.575684,142.335861,2474.879883
2020-05-06,262.782227,140.039215,2509.439941
2020-05-07,265.953064,142.378738,2398.080078
2020-05-08,270.353607,140.527618,2236.800049
2020-05-11,270.409088,139.430649,2087.679932
2020-05-12,265.019348,140.861862,2297.600098
2020-05-13,260.332306,141.847412,2537.600098
2020-05-14,263.447784,143.235718,2398.080078
2020-05-15,264.658844,142.867233,2342.399902
2020-05-18,272.720276,139.730667,2191.360107
2020-05-19,269.919067,140.253387,2305.919922
2020-05-20,274.504517,140.673325,2156.800049
2020-05-21,272.609283,141.024673,2219.52002
2020-05-22,273.127014,141.873123,2198.399902
2020-05-26,276.492126,139.970581,2165.120117
2020-05-27,280.606079,139.713547,2121.600098
2020-05-28,280.088318,139.199387,2206.719971
2020-05-29,281.336395,140.193375,2120.320068
2020-06-01,282.473602,139.249557,2138.879883
2020-06-02,284.8125,138.743256,2079.360107
2020-06-03,288.602783,136.898392,1989.76001
2020-06-04,287.844727,134.916199,1973.76001
2020-06-05,295.221985,133.955246,1866.880005
2020-06-08,298.790497,134.470016,1908.47998
2020-06-09,296.562561,135.997452,2001.280029
2020-06-10,294.907715,138.01387,1992.319946
2020-06-11,277.906586,140.622498,2663.040039
2020-06-12,281.234741,139.266754,2477.439941
2020-06-15,283.86026,139.343948,2414.080078
2020-06-16,289.323944,137.20726,2359.679932
2020-06-17,288.12207,137.77359,2366.719971
2020-06-18,288.233002,139.232361,2323.840088
2020-06-19,286.585785,139.343948,2360.959961
2020-06-22,288.424255,139.361084,2245.76001
2020-06-23,289.752136,138.408539,2204.800049
2020-06-24,282.36084,139.893097,2350.080078
2020-06-25,285.387939,140.296402,2264.959961
2020-06-26,278.609589,141.79805,2400.0
2020-06-29,282.704407,141.351852,2283.52002
2020-06-30,286.325745,140.665329,2172.800049
2020-07-01,288.33139,140.392166,2104.959961
2020-07-02,289.919189,140.538208,2068.47998
2020-07-06,294.394806,139.962601,2065.919922
2020-07-07,291.35849,141.929993,2136.959961
2020-07-08,293.586975,141.36293,2083.199951
2020-07-09,291.915588,143.613739,2115.840088
2020-07-10,294.89621,142.89209,2057.600098
2020-07-13,292.342773,143.364609,2255.360107
2020-07-14,296.131165,143.570816,2125.439941
2020-07-15,298.851837,142.900711,2064.639893
2020-07-16,297.867493,143.579376,2032.640015
2020-07-17,298.73111,143.278748,1959.680054
2020-07-20,301.145325,143.630936,1870.719971
2020-07-21,301.786011,143.716797,1887.359985
2020-07-22,303.503876,144.146332,1866.23999
2020-07-23,299.882538,145.830231,1924.47998
2020-07-24,297.95108,145.821609,1930.880005
2020-07-27,300.123962,145.280426,1877.76001
2020-07-28,298.220398,146.285507,1866.880005
2020-07-29,301.888184,146.036438,1828.47998
2020-07-30,300.811035,146.998596,1868.800049
2020-07-31,303.188141,146.904037,1825.280029
2020-08-03,305.295898,146.164413,1821.439941
2020-08-04,306.475067,147.557693,1767.680054
2020-08-05,308.378723,146.267609,1730.560059
2020-08-06,310.440033,147.084641,1711.359985
2020-08-07,310.662964,146.104248,1697.920044
2020-08-10,311.591461,145.450577,1648.0
2020-08-11,309.019318,143.721909,1724.800049
2020-08-12,313.327728,142.414597,1633.920044
2020-08-13,312.761353,140.892319,1632.640015
2020-08-14,312.77066,140.341919,1628.160034
2020-08-17,313.764221,140.694504,1573.76001
2020-08-18,314.442139,141.700806,1557.119995
2020-08-19,313.132843,140.814926,1585.280029
2020-08-20,314.107788,142.08786,1568.0
2020-08-21,315.222076,142.939255,1576.319946
2020-08-24,318.416229,142.707138,1569.280029
2020-08-25,319.530487,141.614792,1560.959961
2020-08-26,322.733978,141.072983,1595.52002
2020-08-27,323.439575,138.673477,1646.079956
2020-08-28,325.528839,138.57019,1637.119995
2020-08-31,324.349609,139.490494,1718.400024
2020-09-01,327.40451,141.085922,1745.280029
2020-09-02,332.140137,142.429138,1788.160034
2020-09-03,320.709778,142.83374,2029.439941
2020-09-04,318.091278,140.121597,1850.880005
2020-09-08,309.400085,140.98262,1809.920044
2020-09-09,315.509857,140.60379,1717.119995
2020-09-10,310.031555,141.31842,1736.319946
2020-09-11,310.189362,141.619797,1633.280029
2020-09-14,314.274963,141.61116,1604.47998
2020-09-15,315.862793,141.266724,1601.920044
2020-09-16,314.609222,140.844955,1597.439941
2020-09-17,311.842163,141.27533,1560.959961
2020-09-18,308.252014,140.836243,1559.680054
2020-09-21,304.821289,141.550903,1610.23999
2020-09-22,307.92572,141.438965,1623.040039
2020-09-23,300.784607,141.628387,1708.800049
2020-09-24,301.586395,142.170822,1676.160034
2020-09-25,306.462067,142.170822,1634.560059
2020-09-28,311.552246,141.76619,1623.040039
2020-09-29,309.855499,141.929718,1596.160034
2020-09-30,312.204742,140.569321,1593.599976
2020-10-01,314.209167,140.801224,1600.640015
2020-10-02,311.225952,140.275436,1649.920044
2020-10-05,316.744843,137.534576,1598.079956
2020-10-06,312.242065,138.275726,1620.47998
2020-10-07,317.677246,137.267349,1567.359985
2020-10-08,320.492584,138.008621,1504.640015
2020-10-09,323.354584,137.982788,1426.560059
2020-10-12,328.556641,138.422287,1398.400024
2020-10-13,326.412506,139.413498,1417.599976
2020-10-14,324.361511,139.732422,1402.880005
2020-10-15,323.960571,139.491119,1415.040039
2020-10-16,323.764893,139.103241,1425.280029
2020-10-19,318.842499,138.577484,1487.359985
2020-10-20,320.119781,137.258728,1486.719971
2020-10-21,319.513733,136.784729,1451.52002
2020-10-22,321.266327,135.362595,1417.599976
2020-10-23,322.357117,136.189941,1418.880005
2020-10-26,316.400024,137.457031,1546.880005
2020-10-27,315.309296,138.379272,1553.280029
2020-10-28,304.532288,138.508484,1774.719971
2020-10-29,307.627411,137.16394,1648.0
2020-10-30,304.42038,135.81073,1697.920044
2020-11-02,307.83252,136.828003,1660.160034
2020-11-03,313.267578,136.034225,1568.640015
2020-11-04,320.26889,138.985092,1430.400024
2020-11-05,326.515045,139.226715,1406.719971
2020-11-06,326.440369,137.544174,1313.280029
2020-11-09,330.542358,134.653732,1284.47998
2020-11-10,330.057617,133.877136,1246.079956
2020-11-11,332.509399,134.360321,1215.359985
2020-11-12,329.283844,136.64682,1301.119995
2020-11-13,333.84256,136.465652,1221.119995
2020-11-16,338.009735,136.137756,1186.560059
2020-11-17,336.191833,137.026398,1171.199951
2020-11-18,332.145905,137.42337,1205.76001
2020-11-19,333.544189,138.13089,1192.959961
2020-11-20,331.260193,139.35614,1190.400024
2020-11-23,333.24588,138.717651,1175.040039
2020-11-24,338.615753,137.337082,1155.199951
2020-11-25,338.093719,136.914322,1112.959961
2020-11-27,339.035339,138.243118,1120.640015
2020-11-30,337.534424,138.070557,1099.52002
2020-12-01,341.226013,136.034714,1110.400024
2020-12-02,341.94397,134.955109,1104.640015
2020-12-03,341.850739,136.04332,1114.880005
2020-12-04,344.796631,134.048187,1095.040039
2020-12-07,344.088104,135.257324,1101.439941
2020-12-08,345.09494,135.896591,1061.76001
2020-12-09,341.999847,135.447372,1100.800049
2020-12-10,341.888031,136.64798,1111.040039
2020-12-11,341.487091,137.131668,1152.0
2020-12-14,339.958221,136.751602,1178.23999
2020-12-15,344.55423,136.293854,1123.839966
2020-12-16,345.09494,135.931076,1087.359985
2020-12-17,347.02475,135.571472,1072.0
2020-12-18,345.63916,135.165085,1093.119995
2020-12-21,344.40329,135.70105,1180.160034
2020-12-22,343.822815,136.401428,1159.040039
2020-12-23,344.131775,135.459,1112.319946
2020-12-24,345.470581,135.995071,1080.319946
2020-12-28,348.438507,136.055603,1076.47998
2020-12-29,347.773773,135.882706,1115.52002
2020-12-30,348.269928,136.176636,1075.199951
2020-12-31,350.039337,136.375519,1074.560059
2021-01-04,345.273956,136.211273,1168.0
2021-01-05,347.651947,135.199615,1128.959961
2021-01-06,349.730499,132.424255,1123.199951
2021-01-07,354.926605,131.257034,1056.0
2021-01-08,356.948792,130.833328,1046.400024
2021-01-11,354.542725,130.617203,1109.76001
2021-01-12,354.617554,130.513443,1072.0
2021-01-13,355.572601,131.983215,1055.359985
2021-01-14,354.327332,130.746857,1067.52002
2021-01-15,351.743347,131.265686,1095.040039
2021-01-19,354.50528,131.68927,1064.319946
2021-01-20,359.411102,131.818985,1043.839966
2021-01-21,359.738861,130.893829,1035.52002
2021-01-22,358.465485,131.31752,1049.599976
2021-01-25,359.879242,132.865189,1091.839966
2021-01-26,359.317505,132.61441,1100.800049
2021-01-27,350.535614,132.951614,1296.0
2021-01-28,353.550323,132.216751,1266.560059
2021-01-29,346.472443,131.421249,1349.119995
2021-02-01,352.239563,131.573563,1272.319946
2021-02-02,357.220337,130.725342,1164.160034
2021-02-03,357.50119,129.565323,1104.0
2021-02-04,361.564453,129.21907,1056.0
2021-02-05,362.987518,128.137146,1054.079956
2021-02-08,365.609009,128.699799,1045.119995
2021-02-09,365.36554,128.795013,1049.599976
2021-02-10,365.206451,129.652008,1066.880005
2021-02-11,365.796204,128.942108,1041.920044
2021-02-12,367.60321,127.340729,1007.359985
2021-02-16,367.284851,125.401772,1018.23999
2021-02-17,367.369171,126.198151,997.119995
2021-02-18,365.805603,125.687408,1002.23999
2021-02-19,365.159607,124.016777,966.400024
2021-02-22,362.350891,123.073227,1006.719971
2021-02-23,362.790894,122.718384,965.119995
2021-02-24,366.788635,121.913338,926.719971
2021-02-25,357.950623,119.922386,1074.560059
2021-02-26,356.106171,123.886879,1025.920044
2021-03-01,364.73822,122.250694,949.76001
2021-03-02,361.892181,122.259346,958.080017
2021-03-03,357.098602,120.933418,999.039978
2021-03-04,352.679535,120.153412,1041.280029
2021-03-05,359.167725,120.387383,967.679993
2021-03-08,357.379486,119.451401,984.960022
2021-03-09,362.481995,121.106705,945.280029
2021-03-10,364.73822,121.34935,933.119995
2021-03-11,368.436371,120.47403,910.080017
2021-03-12,368.932617,117.917435,892.799988
2021-03-15,371.132751,118.61071,842.23999
2021-03-16,370.664673,118.134079,842.23999
2021-03-17,371.928558,117.250053,805.76001
2021-03-18,366.517151,116.062752,850.559998
2021-03-19,365.83905,116.782082,817.280029
2021-03-22,368.760254,118.090729,764.159973
2021-03-23,365.857849,119.156746,800.0
2021-03-24,363.997986,119.798019,807.039978
2021-03-25,366.045593,118.853363,782.719971
2021-03-26,371.944427,118.437408,751.359985
2021-03-29,371.756561,117.432091,768.640015
2021-03-30,370.770294,118.047401,735.359985
2021-03-31,372.273163,117.388725,729.599976
2021-04-01,376.293427,119.337044,707.200012
2021-04-05,381.694397,118.816353,689.280029
2021-04-06,381.468933,119.623444,689.280029
2021-04-07,381.9104,118.790314,671.359985
2021-04-08,383.723297,119.771004,661.119995
2021-04-09,386.51297,119.337044,659.840027
2021-04-12,386.65387,119.284988,650.23999
2021-04-13,387.799896,120.178886,645.76001
2021-04-14,386.475433,119.79702,659.840027
2021-04-15,390.627136,121.801743,638.080017
2021-04-16,391.932739,120.855797,627.840027
2021-04-19,390.007172,120.508606,650.880005
2021-04-20,387.151733,121.064079,665.599976
2021-04-21,390.814941,121.307083,629.76001
2021-04-22,387.245758,121.836441,668.799988
2021-04-23,391.444366,121.550079,642.719971
2021-04-26,392.261505,121.376503,637.119995
2021-04-27,392.177002,120.317719,624.159973
2021-04-28,392.06424,120.395851,621.919983
2021-04-29,394.562805,120.040009,617.119995
2021-04-30,391.970276,120.317719,642.559998
2021-05-03,392.815704,120.38987,620.0
2021-05-04,390.392303,121.206856,643.359985
2021-05-05,390.514404,121.406723,627.039978
2021-05-06,393.632843,121.606613,623.200012
2021-05-07,396.497772,121.006874,587.840027
2021-05-10,392.571472,119.781441,613.599976
2021-05-11,389.067902,119.103516,659.359985
2021-05-12,380.802002,117.85202,774.320007
2021-05-13,385.376465,118.034576,700.0
2021-05-14,391.294006,119.138359,617.679993
2021-05-17,390.298309,118.886299,637.919983
2021-05-18,386.935608,118.582085,647.200012
2021-05-19,385.921112,118.29528,677.599976
2021-05-20,390.072937,119.268745,639.840027
2021-05-21,389.753571,119.651146,631.679993
2021-05-24,393.726776,120.094383,603.679993
2021-05-25,392.853302,121.206856,603.200012
2021-05-26,393.632843,120.998215,574.400024
2021-05-27,393.839569,120.511528,546.559998
2021-05-28,394.544037,120.320358,555.200012
2021-06-01,394.196442,120.293335,568.47998
2021-06-02,394.816376,120.571854,553.76001
2021-06-03,393.351105,120.119301,564.0
2021-06-04,396.9487,121.764252,534.23999
2021-06-07,396.563507,121.390038,524.640015
2021-06-08,396.648041,122.242996,530.23999
2021-06-09,396.056244,123.322227,538.880005
2021-06-10,397.897308,124.062065,507.679993
2021-06-11,398.55484,123.861855,493.119995
2021-06-14,399.447144,122.913177,497.76001
2021-06-15,398.714478,122.765205,508.640015
2021-06-16,396.488434,122.660759,513.119995
2021-06-17,396.356781,124.497177,510.23999
2021-06-18,391.009827,126.838516,555.039978
2021-06-21,396.607452,124.71479,520.640015
2021-06-22,398.727905,125.019417,493.920013
2021-06-23,398.247192,124.697411,484.640015
2021-06-24,400.60318,124.897621,475.200012
2021-06-25,402.026123,123.600739,466.399994
2021-06-28,402.83667,124.87149,466.399994
2021-06-29,403.053345,125.080368,476.320007
2021-06-30,403.392609,125.637428,471.359985
2021-07-01,405.626038,125.644371,463.679993
2021-07-02,408.72644,126.402611,462.559998
2021-07-06,407.981995,127.884155,473.119995
2021-07-07,409.423828,129.017059,474.079987
2021-07-08,406.087891,129.522522,504.799988
2021-07-09,410.42276,127.701118,470.880005
2021-07-12,411.892883,127.535469,467.839996
2021-07-13,410.488708,126.559425,473.440002
2021-07-14,411.101227,127.997353,462.559998
2021-07-15,409.697083,129.409271,469.279999
2021-07-16,406.483582,129.165176,488.799988
2021-07-19,400.480682,131.997635,558.559998
2021-07-20,406.219727,130.725204,511.519989
2021-07-21,409.508606,129.069336,479.040009
2021-07-22,410.366241,130.28949,487.519989
2021-07-23,414.588013,129.417908,485.279999
2021-07-26,415.605804,129.034485,477.600006
2021-07-27,413.711639,130.411469,493.76001
2021-07-28,413.542023,130.420227,479.839996
2021-07-29,415.25705,129.696808,471.839996
2021-07-30,413.240479,130.306931,483.359985
2021-08-02,412.373444,131.469193,502.079987
2021-08-03,415.728302,131.539017,476.959991
2021-08-04,413.68335,131.809448,476.320007
2021-08-05,416.303131,131.137573,464.799988
2021-08-06,416.991089,128.947433,452.799988
2021-08-09,416.651794,128.485046,448.160004
2021-08-10,417.170074,127.891579,440.480011
2021-08-11,418.206818,127.813118,428.480011
2021-08-12,419.460083,127.603699,419.839996
2021-08-13,420.223511,129.619293,420.480011
2021-08-16,421.212921,129.933456,421.119995
2021-08-17,418.451752,129.881088,435.200012
2021-08-18,413.871857,130.317383,465.119995
2021-08-19,414.512695,131.277191,480.23999
2021-08-20,417.810974,131.364426,444.160004
2021-08-23,421.486237,131.277191,428.959991
2021-08-24,422.155334,130.256363,427.359985
2021-08-25,423.041199,129.174301,418.079987
2021-08-26,420.543884,129.532059,436.0
2021-08-27,424.303925,130.413345,413.600006
2021-08-30,426.169861,130.753677,409.440002
2021-08-31,425.538391,129.863602,407.839996
2021-09-01,425.764618,130.081177,397.119995
2021-09-02,427.074463,130.649063,396.320007
2021-09-03,426.970825,129.460861,399.040009
2021-09-07,425.444275,128.368835,408.799988
2021-09-08,424.925873,129.242432,408.160004
2021-09-09,423.107147,130.806366,416.799988
2021-09-10,419.771057,129.653015,432.959991
2021-09-13,420.845367,130.439377,417.440002
2021-09-14,418.574371,132.020752,423.359985
2021-09-15,422.070526,131.557739,406.880005
2021-09-16,421.401367,130.95488,402.880005
2021-09-17,417.296539,130.325836,428.959991
2021-09-20,410.33844,131.942123,475.839996
2021-09-21,409.950775,131.828522,461.76001
2021-09-22,413.949829,132.614883,433.119995
2021-09-23,418.979279,129.618088,405.76001
2021-09-24,419.669464,128.351273,393.279999
2021-09-27,418.468781,127.879555,397.119995
2021-09-28,410.035858,125.887535,438.559998
2021-09-29,410.725983,126.105934,444.959991
2021-09-30,405.706024,126.088501,445.279999
2021-10-01,410.527527,127.149582,429.119995
2021-10-04,405.233246,126.825935,441.119995
2021-10-05,409.449768,125.60125,424.799988
2021-10-06,411.151428,126.309814,419.359985
2021-10-07,414.706146,124.988876,404.160004
2021-10-08,413.949829,124.114105,396.640015
2021-10-11,410.952911,123.799225,401.920013
2021-10-12,409.941406,125.916161,393.76001
2021-10-13,411.416199,127.1409,386.23999
2021-10-14,418.336456,127.613235,364.959991
2021-10-15,421.52243,126.869621,364.640015
2021-10-18,422.770386,127.464584,357.920013
2021-10-19,426.031982,125.706215,354.399994
2021-10-20,427.705322,124.857689,351.200012
2021-10-21,428.820801,124.708969,339.519989
2021-10-22,428.376556,126.082367,347.200012
2021-10-25,430.673859,125.88987,336.959991
2021-10-26,431.061371,126.930885,343.519989
2021-10-27,429.151764,129.240341,351.200012
2021-10-28,433.292572,128.802948,340.320007
2021-10-29,434.171783,129.196564,343.040009
2021-11-01,434.918732,128.266403,337.600006
2021-11-02,436.677002,128.835724,328.480011
2021-11-03,439.343079,127.504356,317.119995
2021-11-04,441.413452,128.844528,320.799988
2021-11-05,442.945068,130.771454,333.279999
2021-11-08,443.323242,130.52623,333.76001
2021-11-09,441.857849,132.225464,339.359985
2021-11-10,438.303131,129.807953,345.600006
2021-11-11,438.444977,129.615265,338.23999
2021-11-12,441.753815,129.045959,325.76001
2021-11-15,441.90509,127.425537,321.920013
2021-11-16,443.654114,127.101494,323.040009
2021-11-17,442.576385,128.108765,328.320007
2021-11-18,444.079529,128.5905,331.359985
2021-11-19,443.28537,129.94812,335.359985
2021-11-22,442.037476,128.424042,341.279999
2021-11-23,442.623657,126.567139,333.600006
2021-11-24,443.805328,128.599228,328.799988
2021-11-26,433.907104,131.848785,418.559998
2021-11-29,439.229645,130.788986,352.799988
2021-11-30,430.683319,132.777252,407.359985
2021-12-01,425.899536,133.596313,436.799988
2021-12-02,432.422852,133.762955,411.519989
2021-12-03,428.660126,135.359039,447.359985
2021-12-06,433.736908,133.499908,412.480011
2021-12-07,442.70871,132.421219,366.399994
2021-12-08,443.88092,130.132355,344.320007
2021-12-09,440.884094,130.860245,355.200012
2021-12-10,445.034332,130.544525,332.480011
2021-12-13,441.092072,132.473877,346.23999
2021-12-14,438.057281,132.158112,350.880005
2021-12-15,444.902039,130.886566,326.880005
2021-12-16,440.978577,130.937454,340.640015
2021-12-17,436.285339,132.421219,351.519989
2021-12-20,431.646149,131.429031,364.480011
2021-12-21,439.311768,130.928665,346.559998
2021-12-22,443.704315,131.5345,326.559998
2021-12-23,446.465027,130.393143,322.880005
2021-12-27,452.783539,130.709213,315.200012
2021-12-28,452.413483,130.191177,307.359985
2021-12-29,452.992249,128.768921,299.359985
2021-12-30,451.739868,129.848755,299.359985
2021-12-31,450.60144,130.103409,296.480011
2022-01-03,453.210358,126.68824,286.399994
2022-01-04,453.058594,126.161415,286.079987
2022-01-05,444.358917,125.476639,308.640015
2022-01-06,443.941498,125.801445,310.079987
2022-01-07,442.186371,124.897156,301.119995
2022-01-10,441.636139,125.204453,295.519989
2022-01-11,445.658569,126.038467,285.119995
2022-01-12,446.863495,125.555611,282.079987
2022-01-13,440.70636,126.670639,299.839996
2022-01-14,440.886658,124.756683,295.200012
2022-01-18,433.078674,123.000801,318.23999
2022-01-19,428.581787,123.852409,325.76001
2022-01-20,423.838196,124.616226,339.839996
2022-01-21,415.518005,126.099953,371.200012
2022-01-24,417.282654,125.06395,379.519989
2022-01-25,412.18808,124.862015,381.76001
2022-01-26,411.15387,123.351936,389.119995
2022-01-27,409.123596,125.617065,391.839996
2022-01-28,419.284302,125.661034,367.200012
2022-01-31,426.836182,125.011269,342.559998
2022-02-01,429.720245,124.596321,317.440002
2022-02-02,433.894562,125.018318,310.720001
2022-02-03,423.695923,124.042442,348.480011
2022-02-04,425.688202,122.213737,336.0
2022-02-07,424.322083,122.2929,326.720001
2022-02-08,427.813324,121.475258,312.0
2022-02-09,434.074921,121.703842,299.359985
2022-02-10,426.276337,119.769676,327.359985
2022-02-11,417.870789,121.545601,371.839996
2022-02-14,416.504639,120.033394,372.959991
2022-02-15,423.221527,118.670677,342.23999
2022-02-16,423.695923,119.374023,328.480011
2022-02-17,414.645111,120.261993,367.359985
2022-02-18,411.960266,121.528,375.200012
2022-02-22,407.539307,121.844521,373.76001
2022-02-23,400.310089,120.165314,395.200012
2022-02-24,406.334381,120.244431,382.799988
2022-02-25,415.299744,120.332336,367.200012
2022-02-28,414.237213,122.969894,384.0
2022-03-01,407.928253,124.391579,426.720001
2022-03-02,415.432587,120.13958,399.359985
2022-03-03,413.36441,121.363228,401.76001
2022-03-04,410.006012,123.458435,419.200012
2022-03-07,397.919312,122.51651,455.839996
2022-03-08,394.902344,121.284035,450.399994
2022-03-09,405.490021,120.095535,432.480011
2022-03-10,403.658997,118.370094,413.279999
2022-03-11,398.526459,118.766243,421.440002
2022-03-14,395.613892,115.993179,460.959991
2022-03-15,404.31366,115.790703,459.200012
2022-03-16,413.278992,116.926346,415.200012
2022-03-17,418.449463,116.054802,418.399994
2022-03-18,423.032715,117.472153,400.0
2022-03-21,422.908997,114.75193,416.160004
2022-03-22,427.857605,113.281746,407.119995
2022-03-23,422.347473,115.764297,407.839996
2022-03-24,428.714081,114.857559,403.200012
2022-03-25,430.80777,113.264145,403.200012
2022-03-28,433.872162,114.232529,411.679993
2022-03-29,439.239563,115.095222,397.600006
2022-03-30,436.527313,115.993179,400.0
2022-03-31,429.808533,116.274872,411.200012
2022-04-01,431.026672,116.717484,400.480011
2022-04-04,434.719086,115.906349,390.880005
2022-04-05,429.227966,113.28775,396.959991
2022-04-06,424.936005,112.370789,390.079987
2022-04-07,427.077209,111.524368,384.799988
2022-04-08,425.935242,110.316498,394.720001
2022-04-11,418.65509,108.570724,417.600006
2022-04-12,417.103882,108.420837,411.839996
2022-04-13,421.881256,108.641266,393.440002
2022-04-14,416.628021,106.463486,399.839996
2022-04-18,416.799286,105.934494,404.959991
2022-04-19,423.527557,105.140984,395.679993
2022-04-20,423.213531,107.257019,390.23999
2022-04-21,416.884949,106.463486,397.76001
2022-04-22,405.446014,105.793404,418.399994
2022-04-25,407.796631,106.851448,396.799988
2022-04-26,395.986481,107.927086,421.600006
2022-04-27,397.099915,106.54287,435.200012
2022-04-28,407.130402,106.701561,416.640015
2022-04-29,392.084656,105.317314,443.359985
2022-05-02,394.444794,103.491768,440.0
2022-05-03,396.25293,104.189491,432.799988
2022-05-04,408.319946,104.763557,397.600006
2022-05-05,393.807098,101.893196,432.0
2022-05-06,391.456543,100.391777,433.119995
2022-05-09,378.923248,101.274971,448.160004
2022-05-10,379.798706,102.193489,432.880005
2022-05-11,373.765198,104.162994,436.480011
2022-05-12,373.375031,103.968658,430.880005
2022-05-13,382.301575,102.431946,415.519989
2022-05-16,380.750366,102.325951,395.040009
2022-05-17,388.58255,101.0895,396.640015
2022-05-18,372.918121,103.244476,417.440002
2022-05-19,370.634216,103.491768,405.679993
2022-05-20,370.79599,104.666412,400.799988
2022-05-23,377.733643,102.944191,384.959991
2022-05-24,374.850098,104.97551,384.480011
2022-05-25,378.161865,105.39064,378.399994
2022-05-26,385.718079,104.913689,372.160004
2022-05-27,395.187103,105.169792,359.359985
2022-05-31,392.969696,102.944191,360.959991
2022-06-01,389.791168,102.82653,356.160004
2022-06-02,397.214142,102.879601,347.200012
2022-06-03,390.695251,102.658394,350.23999
2022-06-06,391.884827,100.765022,352.480011
2022-06-07,395.64389,101.853294,346.720001
2022-06-08,391.342346,100.950821,348.799988
2022-06-09,382.035126,101.287025,370.079987
2022-06-10,370.957825,100.658867,373.279999
2022-06-13,356.873199,97.500275,413.440002
2022-06-14,355.79776,96.27047,405.279999
2022-06-15,360.870148,98.066498,383.519989
2022-06-16,348.926849,98.845093,406.399994
2022-06-17,349.679016,99.163643,394.559998
2022-06-21,358.481659,97.48259,392.0
2022-06-22,357.831757,100.163376,381.440002
2022-06-23,361.339508,100.986244,374.399994
2022-06-24,372.827881,99.588287,369.920013
2022-06-27,371.403717,98.738945,361.600006
2022-06-28,363.81488,99.199028,364.480011
2022-06-29,363.518585,100.74733,365.440002
2022-06-30,360.565247,101.632095,369.279999
2022-07-01,364.378784,102.675522,360.640015
2022-07-05,365.066895,103.482224,360.799988
2022-07-06,366.299896,101.744652,354.559998
2022-07-07,371.78598,100.849289,357.279999
2022-07-08,371.480225,99.732307,351.839996
2022-07-11,367.236572,101.452141,355.359985
2022-07-12,363.986908,102.054955,359.679993
2022-07-13,362.075348,103.225143,358.559998
2022-07-14,361.195984,102.382957,357.119995
2022-07-15,368.09671,102.959183,344.640015
2022-07-18,365.057373,101.886528,350.559998
2022-07-19,374.920929,101.336884,349.600006
2022-07-20,377.310333,101.602844,345.119995
2022-07-21,381.152588,103.358124,339.200012
2022-07-22,377.61618,105.09568,342.399994
2022-07-25,378.075043,104.067337,338.399994
2022-07-26,373.602051,104.147118,346.720001
2022-07-27,383.303101,103.562035,340.959991
2022-07-28,388.110596,104.386467,333.119995
2022-07-29,393.768738,104.102798,335.040009
2022-08-01,392.602753,106.609962,348.799988
2022-08-02,390.012634,104.354126,346.399994
2022-08-03,396.120026,105.997139,351.200012
2022-08-04,395.852356,105.961624,341.119995
2022-08-05,395.183289,103.439362,344.0
2022-08-08,394.724609,105.109024,353.119995
2022-08-09,393.157135,104.7005,351.040009
2022-08-10,401.414978,104.016678,343.040009
2022-08-11,401.414978,101.592079,347.040009
2022-08-12,408.21051,102.622276,352.799988
2022-08-15,409.89267,102.533485,343.839996
2022-08-16,410.695557,102.959793,340.640015
2022-08-17,407.780396,101.885162,337.600006
2022-08-18,408.965576,102.036148,338.23999
2022-08-19,403.469879,100.393105,338.559998
2022-08-22,395.068665,100.055634,339.519989
2022-08-23,394.112823,99.50499,322.23999
2022-08-24,395.374451,98.776726,316.799988
2022-08-25,400.956207,100.15332,315.200012
2022-08-26,387.384277,100.908226,322.399994
2022-08-29,384.822815,100.073364,315.359985
2022-08-30,380.598297,100.32206,311.679993
2022-08-31,377.702209,99.362892,307.839996
2022-09-01,378.887451,97.543762,311.040009
2022-09-02,374.892242,98.095535,305.440002
2022-09-06,373.477753,95.66584,308.0
2022-09-07,380.187286,97.178833,296.799988
2022-09-08,382.672272,96.18203,291.519989
2022-09-09,388.617126,96.395653,295.519989
2022-09-12,392.793884,95.603554,290.399994
2022-09-13,375.714233,95.826042,304.160004
2022-09-14,377.147858,96.155342,305.440002
2022-09-15,372.866028,96.093048,306.399994
2022-09-16,370.021484,95.292046,316.959991
2022-09-19,372.890991,95.514534,287.839996
2022-09-20,368.610718,94.562263,294.559998
2022-09-21,362.180786,96.146431,301.76001
2022-09-22,359.138519,93.690063,302.559998
2022-09-23,353.121246,94.072739,317.119995
2022-09-26,349.62793,92.274956,328.959991
2022-09-27,348.735352,89.845253,335.200012
2022-09-28,355.597229,92.853455,321.119995
2022-09-29,348.169189,92.372849,329.920013
2022-09-30,342.785278,91.18026,339.359985
2022-10-03,351.835236,92.629051,322.399994
2022-10-04,362.737366,92.370354,310.23999
2022-10-05,361.892822,91.48716,312.320007
2022-10-06,358.159637,90.978615,321.440002
2022-10-07,348.169189,90.095421,334.559998
2022-10-10,345.510742,88.694801,342.880005
2022-10-11,343.322601,89.087341,348.160004
2022-10-12,342.190247,89.52446,344.640015
2022-10-13,351.220978,88.66803,335.679993
2022-10-14,343.217102,87.936501,343.200012
2022-10-17,352.036774,87.50827,333.440002
2022-10-18,356.173065,87.713463,327.040009
2022-10-19,353.649048,86.116554,329.600006
2022-10-20,350.683533,84.644547,325.279999
2022-10-21,359.205719,83.119026,324.0
2022-10-24,363.601105,82.432091,319.040009
2022-10-25,369.407288,84.831894,306.720001
2022-10-26,366.624146,86.054108,299.679993
2022-10-27,364.666382,86.955154,293.76001
2022-10-28,373.342072,86.35743,286.880005
2022-10-31,370.645264,85.741867,282.559998
2022-11-01,369.023438,86.543175,279.839996
2022-11-02,359.762268,86.16758,287.040009
2022-11-03,356.057861,85.70253,281.119995
2022-11-04,361.182678,84.26268,277.600006
2022-11-07,364.637604,83.422005,274.559998
2022-11-08,366.604919,84.334213,282.559998
2022-11-09,359.052155,84.611458,291.359985
2022-11-10,378.783569,87.866783,275.359985
2022-11-11,382.449615,87.54483,271.679993
2022-11-14,379.196198,87.330215,271.679993
2022-11-15,382.43042,88.743187,275.200012
2022-11-16,379.512909,90.683868,267.839996
2022-11-17,378.351685,89.726944,265.279999
2022-11-18,380.069519,89.109886,262.559998
2022-11-21,378.687531,89.485481,255.520004
2022-11-22,383.783539,90.755424,246.720001
2022-11-23,386.202026,92.338379,241.279999
2022-11-25,386.11557,92.02536,242.559998
2022-11-28,379.954376,92.284714,251.520004
2022-11-29,379.301788,91.202576,247.839996
2022-11-30,391.249969,91.873306,238.720001
2022-12-01,390.962128,94.808319,234.240005
2022-12-02,390.511139,96.000572,230.080002
2022-12-05,383.486084,94.655891,234.080002
2022-12-06,377.958252,95.875069,241.119995
2022-12-07,377.315186,98.134117,244.639999
2022-12-08,380.271027,97.865181,239.679993
2022-12-09,377.43042,95.319267,244.800003
2022-12-12,382.871857,95.624054,243.360001
2022-12-13,385.770172,96.547401,233.279999
2022-12-14,383.303711,96.959778,225.279999
2022-12-15,373.927429,97.338112,239.360001
2022-12-16,369.512787,96.250748,240.160004
2022-12-19,366.379456,94.63324,234.399994
2022-12-20,366.88089,92.952843,232.639999
2022-12-21,372.366577,93.186493,223.839996
2022-12-22,367.054382,93.168526,236.0
2022-12-23,369.16571,91.802628,229.600006
2022-12-27,367.7099,89.987396,229.440002
2022-12-28,363.140076,89.45723,228.960007
2022-12-29,369.676727,90.472633,226.080002
2022-12-30,368.702972,89.466194,225.919998
2023-01-03,367.150787,91.173576,223.839996
2023-01-04,369.98526,92.422668,217.759995
2023-01-05,365.762451,92.809059,219.520004
2023-01-06,374.150208,94.516411,214.399994
2023-01-09,373.938019,95.019661,215.520004
2023-01-10,376.560425,93.447067,206.559998
2023-01-11,381.32312,94.965752,207.520004
2023-01-12,382.711426,96.834862,197.279999
2023-01-13,384.196136,95.927261,192.320007
2023-01-17,383.492371,95.307198,193.919998
2023-01-18,377.437744,97.616638,200.800003
2023-01-19,374.690094,97.005615,201.919998
2023-01-20,381.670166,95.433006,194.720001
2023-01-23,386.249664,94.983719,193.279999
2023-01-24,385.835175,96.349602,185.759995
2023-01-25,385.979797,96.583237,186.080002
2023-01-26,390.221832,96.133942,183.199997
2023-01-27,391.118439,95.891304,180.800003
2023-01-30,386.211121,95.540848,185.279999
2023-01-31,391.889709,96.30468,181.119995
2023-02-01,396.054718,97.462395,175.679993
2023-02-02,401.820038,97.588524,179.360001
2023-02-03,397.548981,96.12899,181.119995
2023-02-06,395.119446,95.417267,185.600006
2023-02-07,400.287079,94.651474,179.839996
2023-02-08,395.910034,95.101936,186.559998
2023-02-09,392.477783,94.200996,192.479996
2023-02-10,393.393738,93.146935,194.720001
2023-02-13,398.011749,93.930748,187.039993
2023-02-14,397.828644,93.714516,180.800003
2023-02-15,399.120544,92.840614,177.119995
2023-02-16,393.625061,91.525269,186.880005
2023-02-17,392.641724,92.236984,186.720001
2023-02-21,384.764954,90.444145,201.279999
2023-02-22,384.234711,91.272995,195.520004
2023-02-23,386.278687,92.164917,188.639999
2023-02-24,382.152252,90.966705,196.0
2023-02-27,383.453735,91.218941,188.479996
2023-02-28,382.036621,91.633369,184.639999
2023-03-01,380.571075,90.648941,186.399994
2023-03-02,383.530914,89.845146,179.520004
2023-03-03,389.681915,92.021736,174.399994
2023-03-06,389.951874,91.308228,171.360001
2023-03-07,383.974396,91.868202,175.080002
2023-03-08,384.601135,91.958488,172.199997
2023-03-09,377.50528,92.18428,190.039993
2023-03-10,372.058105,95.363365,211.720001
2023-03-13,371.527832,95.580116,218.160004
2023-03-14,377.669159,94.008652,206.639999
2023-03-15,375.307129,95.823982,219.839996
2023-03-16,381.891968,95.074364,201.839996
2023-03-17,377.426575,96.501343,223.839996
2023-03-20,381.055786,95.652382,212.399994
2023-03-21,386.059235,94.830513,193.839996
2023-03-22,379.478271,96.094933,202.160004
2023-03-23,380.504181,96.094933,207.559998
2023-03-24,383.000977,96.501343,198.960007
2023-03-27,383.717163,94.234451,191.880005
2023-03-28,382.855927,94.406013,186.559998
2023-03-29,388.420654,94.21637,180.440002
2023-03-30,390.694916,94.649879,180.440002
2023-03-31,396.20166,96.067833,179.639999
2023-04-03,397.711395,96.519638,175.639999
2023-04-04,395.504822,96.999512,178.679993
2023-04-05,394.46933,98.013641,177.039993
2023-04-06,396.008087,98.267143,173.919998
2023-04-10,396.414581,96.682617,172.240005
2023-04-11,396.520966,96.881813,170.559998
2023-04-12,394.904785,96.782227,171.600006
2023-04-13,400.150208,96.021629,165.360001
2023-04-14,399.172729,95.143372,162.440002
2023-04-17,400.605072,94.011574,158.0
2023-04-18,400.866272,94.346573,156.960007
2023-04-19,400.798615,94.256035,156.360001
2023-04-20,398.61142,95.06189,159.800003
2023-04-21,398.921143,94.527672,156.800003
2023-04-24,399.33728,95.442169,155.960007
2023-04-25,392.998291,96.845596,169.160004
2023-04-26,391.33374,95.813393,164.880005
2023-04-27,399.124298,94.862663,157.720001
2023-04-28,402.530914,96.392876,151.440002
2023-05-01,402.124451,93.613434,148.960007
2023-05-02,397.604858,95.946274,155.559998
2023-05-03,394.875702,96.481834,160.399994
2023-05-04,392.078888,95.528732,168.240005
2023-05-05,399.33728,95.211029,155.0
2023-05-08,399.443726,93.876678,152.440002
2023-05-09,397.691986,93.540817,156.119995
2023-05-10,399.550201,94.448563,151.360001
2023-05-11,398.853333,95.447029,149.880005
2023-05-12,398.33078,94.648239,150.039993
2023-05-15,399.704987,93.6679,146.0
2023-05-16,397.033905,93.38649,150.440002
2023-05-17,401.853516,93.114166,145.440002
2023-05-18,405.72467,92.424316,139.600006
2023-05-19,405.134277,91.770752,143.080002
2023-05-22,405.298828,91.443977,143.240005
2023-05-23,400.750244,91.707222,145.960007
2023-05-24,397.846863,91.253365,151.839996
2023-05-25,401.292175,91.026421,148.279999
2023-05-26,406.489136,91.761658,142.600006
2023-05-30,406.644012,92.678482,138.919998
2023-05-31,404.38913,93.486343,137.839996
2023-06-01,408.231232,93.853142,129.960007
2023-06-02,414.134705,92.824684,124.720001
2023-06-05,413.341125,92.651764,122.440002
2023-06-06,414.24115,93.197838,115.120003
2023-06-07,412.808838,91.814438,115.639999
2023-06-08,415.305756,92.88839,112.839996
2023-06-09,416.050934,92.760963,113.440002
2023-06-12,419.825287,93.034004,113.959999
2023-06-13,422.593109,92.114777,113.68
2023-06-14,423.096344,92.852005,110.279999
2023-06-15,428.341797,93.743919,113.199997
2023-06-16,426.882751,93.379875,109.199997
2023-06-20,424.66803,94.02607,109.400002
2023-06-21,422.492157,94.253616,107.160004
2023-06-22,424.017273,93.115921,104.599998
2023-06-23,420.811646,94.044281,105.919998
2023-06-26,419.092255,94.144386,105.720001
2023-06-27,423.686951,93.898636,103.080002
2023-06-28,423.900696,94.299088,99.32
2023-06-29,425.571381,92.597153,101.480003
2023-06-30,430.593445,93.689323,100.0
2023-07-03,431.088837,93.158173,98.959999
2023-07-05,430.447723,92.272949,100.279999
2023-07-06,427.076996,90.967926,106.040001
2023-07-07,425.99881,90.420387,103.32
2023-07-10,427.076996,90.538994,102.639999
2023-07-11,429.796844,91.004448,101.879997
2023-07-12,433.255005,92.017448,96.279999
2023-07-13,436.693726,92.984772,96.839996
2023-07-14,436.421722,92.43721,95.68
2023-07-17,437.937073,92.482857,95.480003
2023-07-18,441.191223,92.902664,93.919998
2023-07-19,442.172272,93.952133,95.599998
2023-07-20,439.238708,92.811394,95.959999
2023-07-21,439.238708,92.838768,94.800003
2023-07-24,441.200928,92.501114,93.199997
2023-07-25,442.405426,92.32769,93.160004
2023-07-26,442.473419,92.418991,90.68
2023-07-27,439.539825,90.621162,95.199997
2023-07-28,443.843079,91.086586,91.599998
2023-07-31,444.688171,91.305618,90.400002
2023-08-01,443.41571,89.809395,91.800003
2023-08-02,437.247406,88.848488,100.080002
2023-08-03,435.994385,86.798645,99.760002
2023-08-04,434.0224,88.336044,103.32
2023-08-07,437.81076,87.46669,97.919998
2023-08-08,435.906891,88.482491,99.639999
2023-08-09,432.992706,88.940033,98.760002
2023-08-10,433.148132,87.475845,99.199997
2023-08-11,432.895599,87.274536,95.32
2023-08-14,435.285187,87.082352,93.68
2023-08-15,430.21463,86.551582,99.080002
2023-08-16,427.057587,85.874405,100.68
2023-08-17,423.803528,85.508362,105.519997
2023-08-18,424.007538,85.810326,102.839996
2023-08-21,426.766235,84.666458,100.120003
2023-08-22,425.61026,85.3162,100.559998
2023-08-23,430.350586,87.430092,97.220001
2023-08-24,424.386322,86.853569,101.199997
2023-08-25,427.378174,87.137253,96.800003
2023-08-28,430.088348,87.228783,93.0
2023-08-29,436.305145,88.134743,90.68
2023-08-30,438.102234,88.043221,87.959999
2023-08-31,437.461121,88.436714,86.0
2023-09-01,438.277039,87.058998,84.839996
2023-09-05,436.382874,85.838242,85.400002
2023-09-06,433.449249,86.049377,86.959999
2023-09-07,432.1185,86.288017,86.839996
2023-09-08,432.769348,86.618446,85.120003
2023-09-11,435.615479,85.994308,83.120003
2023-09-12,433.225891,86.489937,83.720001
2023-09-13,433.730988,86.471565,82.040001
2023-09-14,437.470825,85.847435,79.639999
2023-09-15,432.200012,85.324272,82.720001
2023-09-18,432.453491,85.810738,82.040001
2023-09-19,431.55661,85.177414,81.639999
2023-09-20,427.589203,85.443565,84.720001
2023-09-21,420.52182,83.24987,91.239998
2023-09-22,419.576263,83.919907,91.480003
2023-09-25,421.340668,81.854736,91.599998
2023-09-26,415.150635,81.570206,100.160004
2023-09-27,415.316376,81.14801,95.879997
2023-09-28,417.724121,81.395828,91.480003
2023-09-29,416.710419,81.405006,93.279999
2023-10-02,416.544647,80.042244,93.440002
2023-10-03,410.96875,78.320427,102.239998
2023-10-04,413.961395,79.425362,97.120003
2023-10-05,413.80542,79.029404,95.760002
2023-10-06,418.718445,78.071831,94.559998
2023-10-09,421.399139,79.904137,93.239998
2023-10-10,423.592499,79.793655,90.120003
2023-10-11,425.327667,81.460236,88.480003
2023-10-12,422.73465,79.250404,90.400002
2023-10-13,420.629089,80.668388,101.279999
2023-10-16,425.054718,79.370079,91.639999
2023-10-17,425.035217,78.495361,94.199997
2023-10-18,419.371521,77.804787,100.239998
2023-10-19,415.686768,76.211861,105.199997
2023-10-20,410.578827,76.644638,105.839996
2023-10-23,409.867188,77.565384,102.199997
2023-10-24,412.957367,78.587456,97.559998
2023-10-25,407.030487,76.83799,103.919998
2023-10-26,402.156525,78.016579,104.839996
2023-10-27,400.333527,77.685089,108.32
2023-10-30,405.119843,77.335205,100.239998
2023-10-31,407.664124,76.957703,93.800003
2023-11-01,412.01181,78.62632,89.839996
2023-11-02,419.907745,80.418739,86.760002
2023-11-03,423.738678,80.963852,84.720001
2023-11-06,424.713531,80.178497,81.919998
2023-11-07,425.922272,81.36113,81.519997
2023-11-08,426.234222,82.747009,80.0
2023-11-09,422.910126,80.843742,83.080002
2023-11-10,429.509552,81.296448,79.720001
2023-11-13,429.100128,81.111679,78.839996
2023-11-14,437.425018,82.950294,78.239998
2023-11-15,438.351044,81.786133,76.599998
2023-11-16,438.887207,82.802475,75.400002
2023-11-17,439.433014,83.190506,74.239998
2023-11-20,442.815674,83.698685,73.68
2023-11-21,441.850616,83.661697,72.239998
2023-11-22,443.556519,83.957382,72.800003
2023-11-24,443.829407,82.968765,69.68
2023-11-27,443.030151,84.35466,70.160004
2023-11-28,443.46875,84.520966,69.239998
2023-11-29,443.156891,85.583496,70.239998
2023-11-30,444.901764,84.594872,69.160004
2023-12-01,447.533722,86.188126,68.919998
2023-12-04,445.184448,85.845215,69.120003
2023-12-05,445.09671,87.689636,68.639999
2023-12-06,443.303101,88.857475,68.959999
2023-12-07,446.685669,88.347725,69.0
2023-12-08,448.606049,87.624771,67.0
2023-12-11,450.350891,87.439392,65.480003
2023-12-12,452.407776,87.698921,63.599998
2023-12-13,458.646545,89.756523,62.84
2023-12-14,460.1185,92.091362,62.48
2023-12-15,459.360901,92.193649,64.559998
2023-12-18,461.944855,91.459068,64.720001
2023-12-19,464.753906,91.951874,65.68
2023-12-20,458.313629,92.57486,69.68
2023-12-21,462.659363,91.98909,68.239998
2023-12-22,463.589081,91.570648,66.440002
2023-12-26,465.546692,91.831001,64.879997
2023-12-27,466.388428,93.458237,62.080002
2023-12-28,466.564575,92.779442,61.919998
2023-12-29,465.213898,91.942581,62.080002
2024-01-02,462.610382,91.412567,62.080002
2024-01-03,458.832428,91.793831,64.400002
2024-01-04,457.354431,90.399071,64.32
2024-01-05,457.980896,89.534302,62.200001
2024-01-08,464.518982,90.417625,60.759998
2024-01-09,463.814301,89.841148,59.360001
2024-01-10,466.437347,89.422722,58.720001
2024-01-11,466.231781,89.924828,58.400002
2024-01-12,466.554779,89.748161,59.360001
2024-01-16,464.841949,88.167435,61.439999
2024-01-17,462.258057,88.027946,63.759998
2024-01-18,466.368835,87.209709,61.560001
2024-01-19,472.182648,87.48864,60.0
2024-01-22,473.18103,88.009361,58.0
2024-01-23,474.561035,87.311996,56.32
2024-01-24,475.079773,86.800575,57.799999
2024-01-25,477.663727,87.36779,58.439999
2024-01-26,477.056885,87.200401,58.119999
2024-01-29,480.83493,88.204628,58.360001
2024-01-30,480.462921,89.004303,57.599998
2024-01-31,472.623077,89.878357,60.52
2024-02-01,478.808899,91.64138,60.040001
2024-02-02,483.849487,89.617165,59.959999
2024-02-05,482.087677,87.807442,57.599998
2024-02-06,483.487366,88.665649,56.200001
2024-02-07,487.519806,88.236557,56.0
2024-02-08,487.735138,87.723511,55.68
2024-02-09,490.553955,87.546257,56.080002
2024-02-12,490.338654,87.648888,57.279999
2024-02-13,483.585175,86.147003,61.32
2024-02-14,487.979858,86.585434,58.279999
2024-02-15,491.346771,87.033203,57.68
2024-02-16,488.899933,86.529465,57.599998
2024-02-20,486.208344,86.604118,59.48
2024-02-21,486.648712,85.988441,58.959999
2024-02-22,496.720154,86.408211,57.84
2024-02-23,497.062714,87.564919,55.720001
2024-02-26,495.242188,87.303726,55.16
2024-02-27,496.162262,86.688072,54.119999
2024-02-28,495.50647,87.238411,55.0
2024-02-29,497.287811,87.854103,54.240002
2024-03-01,501.956512,88.401512,54.400002
2024-03-04,501.418213,88.045921,54.279999
2024-03-05,496.406952,89.29985,56.52
2024-03-06,498.922363,89.823883,56.720001
2024-03-07,503.874847,89.73967,56.439999
2024-03-08,500.850525,89.580566,57.919998
2024-03-11,500.419891,89.533806,57.32
2024-03-12,505.80307,88.785172,54.52
2024-03-13,505.010193,88.354736,54.240002
2024-03-14,504.011902,86.997864,55.639999
2024-03-15,500.551056,86.96981,56.759998
2024-03-18,503.52594,86.707794,55.439999
2024-03-19,506.324036,86.951073,53.880001
2024-03-20,511.007202,86.923004,52.759998
2024-03-21,512.695923,87.110168,52.279999
2024-03-22,511.723969,87.943008,52.52
2024-03-25,510.310211,87.503174,52.32
2024-03-26,509.367645,87.746468,52.040001
2024-03-27,513.648254,88.616737,51.080002
2024-03-28,513.55011,88.541885,51.880001
2024-04-01,512.656616,86.891365,52.560001
2024-04-02,509.397186,86.412567,53.799999
2024-04-03,509.956757,86.393768,53.439999
2024-04-04,503.732117,87.01342,55.98
2024-04-05,508.994507,85.802299,57.040001
2024-04-08,509.279205,85.792892,54.799999
2024-04-09,509.868286,86.590919,54.400002
2024-04-10,504.762939,84.703827,55.439999
2024-04-11,508.572418,84.318886,54.360001
2024-04-12,501.55249,84.769539,59.16
2024-04-15,495.269012,83.455139,62.439999
2024-04-16,494.365692,82.901215,60.32
2024-04-17,491.439941,83.821304,59.720001
2024-04-18,490.428711,83.398827,59.880001
2024-04-19,486.148102,83.699257,61.84
2024-04-22,490.625061,83.558418,57.080002
2024-04-23,496.447113,83.586594,54.84
2024-04-24,496.211517,82.995117,54.279999
2024-04-25,494.326447,82.413002,55.52
2024-04-26,499.009674,82.844879,53.720001
2024-04-29,500.776886,83.539642,52.799999
2024-04-30,492.843933,82.826126,54.439999
2024-05-01,491.243622,83.436623,54.759998
2024-05-02,495.838409,83.794647,52.959999
2024-05-03,501.984497,84.642593,51.16
2024-05-06,507.168365,84.972343,49.639999
2024-05-07,507.728088,85.490501,49.639999
2024-05-08,507.777069,84.972343,49.119999
2024-05-09,510.70285,85.386856,48.919998
2024-05-10,511.360718,84.906387,48.240002
2024-05-13,511.429413,85.123062,48.759998
2024-05-14,513.775879,85.603561,47.959999
2024-05-15,520.138,86.771843,46.080002
2024-05-16,519.067749,86.687042,46.040001
2024-05-17,519.813965,86.102913,45.439999
2024-05-20,520.412781,85.848526,45.52
2024-05-21,521.68927,86.291321,44.759998
2024-05-22,520.187073,86.394974,45.720001
2024-05-23,516.387512,85.839104,46.360001
2024-05-24,519.804199,86.093483,45.0
2024-05-28,520.167419,84.859268,45.959999
2024-05-29,516.524902,83.832321,47.720001
2024-05-30,513.098511,84.642593,47.560001
2024-05-31,517.77179,85.217285,46.119999
2024-06-03,518.194031,86.595634,45.84
2024-06-04,518.773315,87.607178,46.080002
2024-06-05,524.939026,88.250038,45.240002
2024-06-06,524.929138,88.117661,45.0
2024-06-07,524.291077,86.501099,44.52
2024-06-10,525.91095,85.924408,44.400002
2024-06-11,527.17749,86.813087,44.439999
2024-06-12,531.507202,87.465385,43.560001
2024-06-13,532.577332,88.751068,43.439999
2024-06-14,532.901428,89.497887,44.84
2024-06-17,537.142761,88.609268,44.759998
2024-06-18,538.507446,89.422279,44.52
2024-06-20,537.044556,88.826691,46.200001
2024-06-21,536.324585,88.826691,45.16
2024-06-24,534.581177,89.185936,44.799999
2024-06-25,536.639709,89.337212,44.0
2024-06-26,537.30957,88.060936,43.52
2024-06-27,538.156616,88.410744,43.240002
2024-06-28,536.03894,86.76577,43.68
2024-07-01,537.142151,85.268318,41.959999
2024-07-02,540.756897,85.932175,41.48
2024-07-03,543.170105,87.060738,41.68
2024-07-05,546.302246,87.781487,41.84
2024-07-08,546.932678,87.971191,41.080002
2024-07-09,547.4646,87.582336,41.200001
2024-07-10,552.881836,87.857376,41.119999
2024-07-11,548.114624,88.710922,41.360001
2024-07-12,551.571899,89.090248,40.639999
2024-07-15,553.088806,88.066017,41.240002
2024-07-16,556.368591,89.308372,41.639999
2024-07-17,548.567749,89.327347,43.0
2024-07-18,544.352051,88.644531,44.240002
2024-07-19,540.737183,88.12291,46.119999
2024-07-22,546.312256,87.866875,43.68
2024-07-23,545.4552,87.743584,43.32
2024-07-24,533.093811,86.795181,49.189999
2024-07-25,530.316223,87.506462,49.59
2024-07-26,536.255615,88.189301,46.779999
2024-07-29,536.570862,88.663483,45.91
2024-07-30,533.852356,89.004898,47.369999
2024-07-31,542.529785,89.915329,46.25
2024-08-01,534.847107,90.690849,50.509998
2024-08-02,524.889099,93.516907,62.68
2024-08-05,509.602417,94.011711,87.260002
2024-08-06,514.300659,91.908798,70.470001
2024-08-07,510.863159,91.261757,68.955002
2024-08-08,522.672974,90.700356,63.470001
2024-08-09,524.977783,91.59481,55.779999
2024-08-12,525.25354,91.927834,54.759998
2024-08-13,533.891785,92.565369,50.419998
2024-08-14,535.575928,93.145805,47.139999
2024-08-15,544.755859,92.394081,45.334999
2024-08-16,545.977234,92.717598,45.23
2024-08-19,551.19751,93.145805,44.43
2024-08-20,550.30127,93.887985,46.169998
2024-08-21,552.192322,93.945114,46.889999
2024-08-22,547.858459,93.012589,48.865002
2024-08-23,553.679688,93.621582,45.939999
2024-08-26,552.359802,93.38369,45.900002
2024-08-27,553.118225,93.221924,44.990002
2024-08-28,549.907227,93.107742,47.580002
2024-08-29,549.956482,92.803238,45.884998
2024-08-30,555.206421,91.81366,44.5
2024-09-03,543.780823,93.315292,53.540001
2024-09-04,542.667664,94.518143,54.970001
2024-09-05,541.347839,95.052727,52.240002
2024-09-06,532.236938,95.043167,56.110001
2024-09-09,538.195984,95.453667,52.450001
2024-09-10,540.540222,96.12191,51.52
2024-09-11,546.085571,96.045547,49.330002
2024-09-12,550.685425,95.596855,48.939999
2024-09-13,553.561523,95.854614,48.790001
2024-09-16,554.379089,96.73288,49.240002
2024-09-17,554.60553,96.265099,50.299999
2024-09-18,552.960693,95.071815,49.880001
2024-09-19,562.396667,94.75679,47.720001
2024-09-20,561.424438,94.39402,47.43
2024-09-23,562.827393,94.193542,47.73
2024-09-24,564.437805,94.174469,47.759998
2024-09-25,563.192871,93.39167,48.41
2024-09-26,565.425842,93.611221,48.48
2024-09-27,564.605774,94.098099,50.73
2024-09-30,566.868286,93.649406,49.599998
2024-10-01,561.790039,94.325562,53.43
2024-10-02,562.027161,93.53067,52.709999
2024-10-03,560.999634,92.649559,55.09
2024-10-04,566.097595,91.50988,53.0
2024-10-07,560.979858,90.82032,57.720001
2024-10-08,566.2854,90.973549,55.389999
2024-10-09,570.207764,90.456375,54.029999
2024-10-10,569.209839,90.102028,54.709999
2024-10-11,572.618408,89.738106,54.07
2024-10-14,577.301514,89.805115,52.150002
2024-10-15,572.815979,90.89695,53.849998
2024-10-16,575.305725,91.280022,53.330002
2024-10-17,575.355042,89.833862,52.450001
2024-10-18,577.568176,89.900902,51.209999
2024-10-21,576.61969,88.330269,51.349998
2024-10-22,576.313477,88.416443,51.150002
2024-10-23,571.047485,88.17701,53.720001
2024-10-24,572.282471,88.742088,52.810001
2024-10-25,572.084839,88.244064,55.290001
2024-10-28,573.853394,88.004623,52.709999
2024-10-29,574.782104,88.138718,52.48
2024-10-30,573.043213,88.397301,53.759998
2024-10-31,561.809814,88.540955,57.869999
2024-11-01,564.180847,87.292664,56.849998
2024-11-04,562.965759,88.647614,54.470001
2024-11-05,569.77301,89.118477,51.549999
2024-11-06,583.940674,86.677666,46.740002
2024-11-07,588.455811,87.763542,45.09
2024-11-08,591.004822,88.878242,44.77
2024-11-11,591.567993,88.445816,44.650002
2024-11-12,589.730347,87.11972,44.52
2024-11-13,590.016907,86.293297,43.535
2024-11-14,586.222961,86.792984,43.48
2024-11-15,578.714355,86.562363,46.59
2024-11-18,581.085449,86.716095,44.889999
2024-11-19,583.209656,87.158142,46.380001
2024-11-20,583.407227,86.879478,48.029999
2024-11-21,586.539124,86.812195,47.650002
2024-11-22,588.356995,86.860245,45.759998
2024-11-25,590.352783,89.108879,43.880001
2024-11-26,593.435303,88.762932,43.610001
2024-11-27,591.637207,89.377945,43.450001
2024-11-29,595.3125,90.300446,42.584999
2024-12-02,596.379517,90.517403,42.299999
2024-12-03,596.656128,89.736336,42.07
2024-12-04,600.361023,90.700623,42.330002
2024-12-05,599.373108,90.883842,42.419998
2024-12-06,600.509338,91.018837,41.759998
2024-12-09,597.41687,90.179916,42.889999
2024-12-10,595.559448,89.755623,42.459999
2024-12-11,600.163513,88.907066,42.130001
2024-12-12,597.071045,87.827065,42.470001
2024-12-13,596.952576,86.930267,42.5
2024-12-16,599.501587,87.190628,43.220001
2024-12-17,597.031555,87.402779,44.290001
2024-12-18,579.237976,86.30986,51.720001
2024-12-19,579.060059,85.003014,56.139999
2024-12-20,586.015137,85.48703,48.080002
2024-12-23,589.524414,84.702934,44.380001
2024-12-24,596.076965,85.061104,42.279999
2024-12-26,596.116699,85.012703,42.549999
2024-12-27,589.841614,84.315712,44.43
2024-12-30,583.110596,84.993347,45.529999
2024-12-31,580.989136,84.538361,45.799999
2025-01-02,579.561707,84.770691,46.84
2025-01-03,586.808228,84.499641,44.099998
2025-01-06,590.188538,84.122116,43.900002
2025-01-07,583.516968,83.173439,46.41
2025-01-08,584.369507,83.279922,46.34
2025-01-10,575.447693,82.728142,49.450001
2025-01-13,576.339905,82.699104,48.52
2025-01-14,577.132935,82.563568,47.419998
2025-01-15,587.630981,83.98658,43.549999
2025-01-16,586.500854,84.257645,43.619999
2025-01-17,592.389282,84.402847,43.959999
2025-01-21,597.811768,85.157906,42.110001
2025-01-22,601.172363,84.712616,42.75
2025-01-23,604.453613,84.054367,41.93
2025-01-24,602.688965,84.431877,41.740002
2025-01-27,594.163696,85.428947,44.490002
2025-01-28,599.269043,85.370872,43.02
2025-01-29,596.58252,85.196632,42.91
2025-01-30,599.784424,85.516075,42.68
2025-01-31,596.592468,84.954613,44.119999
2025-02-03,592.577637,85.646317,45.07
2025-02-04,596.552856,85.90863,43.689999
2025-02-05,598.971558,87.326988,42.799999
2025-02-06,601.053406,87.288124,42.529999
2025-02-07,595.551575,86.72467,43.959999
2025-02-10,599.59613,86.462364,42.849998
2025-02-11,600.052124,85.90863,42.900002
2025-02-12,598.11908,84.742836,42.869999
2025-02-13,604.433777,86.151489,42.060001
2025-02-14,604.403992,86.608101,42.0
2025-02-18,606.178406,85.588028,41.799999
2025-02-19,607.605957,85.694893,41.27
2025-02-20,605.078125,86.01548,41.490002
2025-02-21,594.72876,87.054977,44.330002
2025-02-24,592.022522,87.307564,44.700001
2025-02-25,589.078308,88.813362,45.139999
2025-02-26,589.375671,89.337975,44.099998
2025-02-27,579.968079,88.706505,46.57
2025-02-28,589.018799,89.794571,45.830002
2025-03-03,578.699219,90.213623,49.290001
2025-03-04,571.849182,89.102638,50.59
2025-03-05,577.995361,88.391212,48.450001
2025-03-06,567.735291,88.098854,53.73
2025-03-07,570.917358,87.816238,51.23
2025-03-10,555.710693,88.732315,56.48
2025-03-11,551.091064,88.098854,56.939999
2025-03-12,554.015503,87.572617,53.970001
2025-03-13,546.630249,88.342499,56.279999
2025-03-14,557.921326,87.87471,51.529999
2025-03-17,562.223572,88.313255,49.509998
2025-03-18,556.146851,88.40097,50.799999
2025-03-19,562.203735,88.859001,49.18
2025-03-20,560.578003,88.917473,48.330002
2025-03-21,560.762939,88.391212,48.099998
2025-03-24,570.805359,87.484894,45.450001
2025-03-25,572.17749,87.475151,45.799999
2025-03-26,565.34668,86.900162,46.939999
2025-03-27,563.845276,86.646797,47.18
2025-03-28,552.490417,87.845482,51.419998
2025-03-31,556.199158,88.71283,51.470001
2025-04-01,557.770081,89.481567,51.48
2025-04-02,561.299866,89.422882,50.09
2025-04-03,533.638611,89.833664,62.490002
2025-04-04,502.397797,90.811722,74.849998
2025-04-07,501.50293,88.073189,74.349998
2025-04-08,493.64801,86.410507,85.419998
2025-04-09,545.490601,86.919083,67.790001
2025-04-10,521.587769,84.522873,79.199997
2025-04-11,530.894348,84.982552,77.120003
2025-04-14,536.044739,85.588943,68.029999
2025-04-15,534.543335,85.892143,68.32
2025-04-16,522.66156,86.371368,73.360001
2025-04-17,523.407227,85.608498,71.339996
2025-04-21,510.94873,84.112091,76.519997
2025-04-22,524.242493,84.581558,70.940002
2025-04-23,532.365845,85.403122,68.379997
2025-04-24,543.571594,86.302917,65.860001
2025-04-25,547.499023,86.938637,63.34
2025-04-28,547.707825,87.486351,63.68
2025-04-29,551.15802,88.219887,63.02
2025-04-30,551.376831,87.505913,64.639999
2025-05-01,555.284363,87.06221,63.419998
2025-05-02,563.5271,86.119827,61.009998
2025-05-05,560.295654,85.638817,62.130001
2025-05-06,555.612488,85.9235,64.550003
2025-05-07,557.949097,86.28672,62.830002
2025-05-08,561.836792,85.324692,60.439999
2025-05-09,561.120972,85.452316,59.950001
2025-05-12,579.664551,84.657173,52.169998
2025-05-13,583.492554,84.313599,51.82
2025-05-14,584.238281,83.754066,52.939999
2025-05-15,587.091919,84.490295,52.07
2025-05-16,590.810608,84.716072,51.830002
2025-05-19,591.456848,84.470673,52.470001
2025-05-20,589.468262,83.862053,52.09
2025-05-21,579.535278,82.428841,55.66
2025-05-22,579.763977,82.860771,55.099998
2025-05-23,575.806641,82.998207,58.790001
2025-05-27,587.778015,84.15654,52.880001
2025-05-28,584.377441,83.793327,53.490002
2025-05-29,586.684265,84.568832,53.549999
2025-05-30,586.028015,84.696442,53.830002
2025-06-02,589.329102,83.908211,53.279999
2025-06-03,592.689819,83.760414,52.110001
2025-06-04,592.530701,85.120117,52.02
2025-06-05,589.667114,85.179237,53.02
2025-06-06,595.722412,84.095406,50.810001
2025-06-09,596.259338,84.18409,50.32
2025-06-10,599.639954,84.617615,50.080002
2025-06-11,597.929749,84.873795,50.509998
2025-06-12,600.306091,85.888657,51.16
2025-06-13,593.594604,85.061005,55.150002
2025-06-16,599.242188,84.203789,51.290001
2025-06-17,594.121582,85.2285,54.220001
2025-06-18,594.032104,85.376297,52.900002
2025-06-20,592.636963,85.218651,53.459999
2025-06-23,598.490723,85.49453,52.790001
2025-06-24,605.102417,86.115288,49.150002
2025-06-25,605.441467,86.223656,48.52
2025-06-26,610.178345,86.657188,48.41
2025-06-27,613.2099,86.105423,48.27
2025-06-30,616.141785,86.952782,48.049999
2025-07-01,615.942383,87.168381,48.040001
2025-07-02,618.734619,86.614555,47.91
2025-07-03,623.611084,86.011284,47.57
2025-07-07,618.963989,85.190422,48.139999
2025-07-08,618.624939,85.081642,46.849998
2025-07-09,622.334595,85.971718,45.259998
2025-07-10,624.089783,86.031052,44.950001
2025-07-11,621.895813,84.844284,45.200001
2025-07-14,623.08252,84.666267,45.869999
2025-07-15,620.419922,84.072884,45.610001
2025-07-16,622.494141,84.191559,45.91
2025-07-17,626.303589,84.171783,45.849998
2025-07-18,625.84491,84.300339,45.009998
2025-07-21,627.031616,85.051964,44.860001
2025-07-22,627.121338,85.566231,44.650002
2025-07-23,632.456604,85.09153,42.810001
2025-07-24,632.665955,84.943184,42.68
2025-07-25,635.338562,85.477226,42.330002
2025-07-28,635.179016,84.923409,41.150002
2025-07-29,633.503662,86.357407,42.099998
2025-07-30,632.705872,85.912376,42.389999
2025-07-31,630.332458,85.961823,42.459999
2025-08-01,620.001038,87.183907,45.91
2025-08-04,629.424927,87.422165,42.919998
2025-08-05,626.233765,87.690216,43.25
2025-08-06,631.030518,87.183907,41.93
2025-08-07,630.501953,87.034988,42.209999
2025-08-08,635.418335,86.657745,40.810001
2025-08-11,634.161804,86.757027,41.0
2025-08-12,640.913147,86.320206,39.299999
2025-08-13,643.107056,87.034988,39.02
2025-08-14,643.16687,86.389702,39.18
2025-08-15,641.661072,85.7742,39.040001
2025-08-18,641.521423,85.526001,38.099998
2025-08-19,638.041077,86.022385,38.82
2025-08-20,636.345764,86.211006,38.669998
2025-08-21,633.792847,85.784126,39.27
2025-08-22,643.525879,86.419487,35.98
2025-08-25,640.693665,86.171303,36.139999
2025-08-26,643.376282,86.121658,35.860001
2025-08-27,644.842224,86.022385,36.009998
2025-08-28,647.125854,86.588257,35.450001
2025-08-29,643.266602,85.972748,36.27
2025-09-02,638.499817,85.33297,37.389999
2025-09-03,641.960205,86.269707,36.459999
2025-09-04,647.325317,86.927422,35.380001
2025-09-05,645.4505,88.252808,35.470001
2025-09-08,647.036133,89.428711,34.810001
2025-09-09,648.531982,88.920486,34.639999
2025-09-10,650.406799,89.428711,34.439999
2025-09-11,655.811829,90.026627,33.68
2025-09-12,655.592407,89.637985,33.68
2025-09-15,659.082703,89.84726,33.91
2025-09-16,658.175232,90.036598,34.529999
2025-09-17,657.357544,89.807396,33.32
2025-09-18,660.429016,88.880623,33.169998
2025-09-19,663.700012,88.711212,33.18
2025-09-22,666.840027,88.392319,33.799999
2025-09-23,663.210022,89.01017,34.200001
2025-09-24,661.099976,88.671356,33.860001
2025-09-25,658.049988,88.671356,34.299999
2025-09-26,661.820007,88.591629,32.84
2025-09-29,663.679993,89.319092,33.27
2025-09-30,666.179993,89.059998,33.16
2025-10-01,668.450012,89.290001,32.970001
2025-10-02,669.219971,89.550003,33.439999
2025-10-03,669.210022,89.379997,33.25
